Time,PriceInUSD
2024-12-16T15:03:43Z,6.222054723897114e-05
2024-12-16T15:03:43Z,6.223444774039812e-05
2024-12-16T15:03:43Z,6.224835357358758e-05
2024-12-16T15:03:44Z,6.226181151560239e-05
2024-12-16T15:03:45Z,6.22759213901739e-05
2024-12-16T15:03:46Z,6.229033859998274e-05
2024-12-16T15:03:46Z,6.230408608937218e-05
2024-12-16T15:03:47Z,6.231783669053098e-05
2024-12-16T15:03:48Z,6.233223918600789e-05
2024-12-16T15:03:48Z,6.234716761651491e-05
2024-12-16T15:03:49Z,6.236274912683685e-05
2024-12-16T15:03:49Z,6.237749554182362e-05
2024-12-16T15:03:50Z,6.239205084052848e-05
2024-12-16T15:03:50Z,6.24066748546328e-05
2024-12-16T15:03:56Z,6.253342369795672e-05
2024-12-16T15:03:59Z,6.259071637693281e-05
2024-12-16T15:04:00Z,6.260373302536394e-05
2024-12-16T15:04:00Z,6.261805820983111e-05
2024-12-16T15:04:00Z,6.263258150743238e-05
2024-12-16T15:04:02Z,6.265315474801082e-05
2024-12-16T15:04:02Z,6.266795739163783e-05
2024-12-16T15:04:09Z,6.286297811121965e-05
2024-12-16T15:04:10Z,6.286954299075147e-05
2024-12-16T15:04:11Z,6.289223159110656e-05
2024-12-16T15:04:17Z,6.300941776943453e-05
2024-12-16T15:04:17Z,6.302313139291319e-05
2024-12-16T15:04:18Z,6.303684158627095e-05
2024-12-16T15:04:21Z,6.310401008506982e-05
2024-12-16T15:04:22Z,6.311820977160192e-05
2024-12-16T15:04:22Z,6.319003604325544e-05
2024-12-16T15:04:22Z,6.326143334900592e-05
2024-12-16T15:04:23Z,6.327469874867646e-05
2024-12-16T15:04:24Z,6.328846886969201e-05
2024-12-16T15:04:24Z,6.330222347162253e-05
2024-12-16T15:04:26Z,6.331552392539344e-05
2024-12-16T15:04:27Z,6.332968300997117e-05
2024-12-16T15:04:28Z,6.336977726598139e-05
2024-12-16T15:04:29Z,6.340964210350614e-05
2024-12-16T15:04:29Z,6.342403002842973e-05
2024-12-16T15:04:30Z,6.345090354001921e-05
2024-12-16T15:04:30Z,6.343780278846946e-05
2024-12-16T15:04:31Z,6.346401062349332e-05
2024-12-16T15:04:32Z,6.347771040957026e-05
2024-12-16T15:04:34Z,6.349141519222567e-05
2024-12-16T15:04:34Z,6.350485967698998e-05
2024-12-16T15:04:34Z,6.351935993916292e-05
2024-12-16T15:04:36Z,6.353418964429237e-05
2024-12-16T15:04:36Z,6.354863218818202e-05
2024-12-16T15:04:37Z,6.35624277241881e-05
2024-12-16T15:04:38Z,6.357681481412657e-05
2024-12-16T15:04:39Z,6.359107852709717e-05
2024-12-16T15:04:39Z,6.360506313197568e-05
2024-12-16T15:04:40Z,6.36194205875141e-05
2024-12-16T15:04:40Z,6.363410557044489e-05
2024-12-16T15:04:42Z,6.364971247577448e-05
2024-12-16T15:04:43Z,6.366532826428161e-05
2024-12-16T15:04:43Z,6.368035829070132e-05
2024-12-16T15:04:43Z,6.369473440310494e-05
2024-12-16T15:04:44Z,6.361973906826297e-05
2024-12-16T15:04:44Z,6.354522113531758e-05
2024-12-16T15:04:45Z,6.356066314443011e-05
2024-12-16T15:04:47Z,6.357605200053732e-05
2024-12-16T15:04:47Z,6.359078935894718e-05
2024-12-16T15:04:48Z,6.360520049948805e-05
2024-12-16T15:04:48Z,6.361975397846406e-05
2024-12-16T15:04:49Z,6.363430580497322e-05
2024-12-16T15:04:49Z,6.364939129489912e-05
2024-12-16T15:04:49Z,6.366447967198145e-05
2024-12-16T15:04:50Z,6.367839894648045e-05
2024-12-16T15:04:51Z,6.375080950836237e-05
2024-12-16T15:04:51Z,6.382384551513309e-05
2024-12-16T15:04:51Z,6.38384021491896e-05
2024-12-16T15:04:52Z,6.385362805800876e-05
2024-12-16T15:04:53Z,6.386866081486827e-05
2024-12-16T15:04:53Z,6.388303227149476e-05
2024-12-16T15:04:53Z,6.389741677881873e-05
2024-12-16T15:04:53Z,6.391206816405537e-05
2024-12-16T15:04:56Z,6.392709465256173e-05
2024-12-16T15:04:56Z,6.394242815993996e-05
2024-12-16T15:04:56Z,6.395763544550485e-05
2024-12-16T15:04:56Z,6.397192559061327e-05
2024-12-16T15:04:56Z,6.398582797042527e-05
2024-12-16T15:04:56Z,6.400006685486015e-05
2024-12-16T15:04:57Z,6.401456775023215e-05
2024-12-16T15:04:58Z,6.404372505979032e-05
2024-12-16T15:04:58Z,6.405889922453295e-05
2024-12-16T15:04:57Z,6.402881308767005e-05
2024-12-16T15:04:59Z,6.40732058161806e-05
2024-12-16T15:05:00Z,6.408748259936639e-05
2024-12-16T15:05:00Z,6.41014426083206e-05
2024-12-16T15:05:01Z,6.411520466970316e-05
2024-12-16T15:05:02Z,6.412950493202751e-05
2024-12-16T15:05:03Z,6.414466140997899e-05
2024-12-16T15:05:03Z,6.415982660964931e-05
2024-12-16T15:05:04Z,6.417499374923179e-05
2024-12-16T15:05:04Z,6.418950742737686e-05
2024-12-16T15:05:07Z,6.420342932577705e-05
2024-12-16T15:05:07Z,6.421821887784158e-05
2024-12-16T15:05:07Z,6.423294407277527e-05
2024-12-16T15:05:07Z,6.424811083263587e-05
2024-12-16T15:05:08Z,6.426352519570358e-05
2024-12-16T15:05:09Z,6.427762812519221e-05
2024-12-16T15:05:09Z,6.429106979191126e-05
2024-12-16T15:05:09Z,6.430452232347176e-05
2024-12-16T15:05:10Z,6.433429918664636e-05
2024-12-16T15:05:11Z,6.436476030817807e-05
2024-12-16T15:05:11Z,6.437935832431763e-05
2024-12-16T15:05:11Z,6.439461681729572e-05
2024-12-16T15:05:12Z,6.440935834651343e-05
2024-12-16T15:05:13Z,6.442409987634812e-05
2024-12-16T15:05:14Z,6.443990363195211e-05
2024-12-16T15:05:15Z,6.445472301313118e-05
2024-12-16T15:05:15Z,6.446905975462961e-05
2024-12-16T15:05:16Z,6.449928359990812e-05
2024-12-16T15:05:16Z,6.448430112150317e-05
2024-12-16T15:05:17Z,6.452893182713262e-05
2024-12-16T15:05:17Z,6.435232108274032e-05
2024-12-16T15:05:18Z,6.438091564586371e-05
2024-12-16T15:05:19Z,6.455688654614942e-05
2024-12-16T15:05:19Z,6.457136373938178e-05
2024-12-16T15:05:17Z,6.4367074456927e-05
2024-12-16T15:05:19Z,6.439495905736013e-05
2024-12-16T15:05:19Z,6.440939993757199e-05
2024-12-16T15:05:24Z,6.458551849304347e-05
2024-12-16T15:05:24Z,6.459974413297015e-05
2024-12-16T15:05:24Z,6.461496238195154e-05
2024-12-16T15:05:24Z,6.463071803873823e-05
2024-12-16T15:05:24Z,6.464515795235999e-05
2024-12-16T15:05:24Z,6.46590714454366e-05
2024-12-16T15:05:17Z,6.435232108274032e-05
2024-12-16T15:05:18Z,6.438091564586371e-05
2024-12-16T15:05:25Z,6.467351885958775e-05
2024-12-16T15:05:26Z,6.470454761910235e-05
2024-12-16T15:05:26Z,6.468863459321256e-05
2024-12-16T15:05:26Z,6.471978074322748e-05
2024-12-16T15:05:27Z,6.473499295485309e-05
2024-12-16T15:05:28Z,6.475021104134591e-05
2024-12-16T15:05:28Z,6.476477411258831e-05
2024-12-16T15:05:29Z,6.477934305840561e-05
2024-12-16T15:05:30Z,6.479371199348999e-05
2024-12-16T15:05:31Z,6.464619242995407e-05
2024-12-16T15:05:31Z,6.466080876071292e-05
2024-12-16T15:05:32Z,6.483738973325278e-05
2024-12-16T15:05:33Z,6.485191394466606e-05
2024-12-16T15:05:33Z,6.486644538083845e-05
2024-12-16T15:05:34Z,6.488044978559552e-05
2024-12-16T15:05:34Z,6.489483128064228e-05
2024-12-16T15:05:35Z,6.474710869065266e-05
2024-12-16T15:05:36Z,6.476176870800872e-05
2024-12-16T15:05:36Z,6.477696330415777e-05
2024-12-16T15:05:37Z,6.479230002575133e-05
2024-12-16T15:05:38Z,6.48069762117424e-05
2024-12-16T15:05:40Z,6.482152210382683e-05
2024-12-16T15:05:40Z,6.48354183102268e-05
2024-12-16T15:05:40Z,6.484931451768417e-05
2024-12-16T15:05:40Z,6.486414458426373e-05
2024-12-16T15:05:40Z,6.487924665676534e-05
2024-12-16T15:05:41Z,6.489341843804945e-05
2024-12-16T15:05:42Z,6.490733933942271e-05
2024-12-16T15:05:42Z,6.492126082768777e-05
2024-12-16T15:05:43Z,6.493457025899767e-05
2024-12-16T15:05:44Z,6.494858435908838e-05
2024-12-16T15:05:45Z,6.496386162199515e-05
2024-12-16T15:05:45Z,6.497841339423269e-05
2024-12-16T15:05:45Z,6.499284280798745e-05
2024-12-16T15:05:46Z,6.500787294399917e-05
2024-12-16T15:05:46Z,6.502197262123263e-05
2024-12-16T15:05:47Z,6.503655111498148e-05
2024-12-16T15:05:47Z,6.505084590849337e-05
2024-12-16T15:05:48Z,6.506541038403397e-05
2024-12-16T15:05:48Z,6.508066661573158e-05
2024-12-16T15:05:48Z,6.509591989547881e-05
2024-12-16T15:05:51Z,6.504116323974055e-05
2024-12-16T15:05:53Z,6.498512959650405e-05
2024-12-16T15:05:53Z,6.499915876498151e-05
2024-12-16T15:05:53Z,6.501319488618862e-05
2024-12-16T15:05:53Z,6.502730347678831e-05
2024-12-16T15:05:53Z,6.504208016069672e-05
2024-12-16T15:05:53Z,6.505678994509963e-05
2024-12-16T15:05:53Z,6.507104444287546e-05
2024-12-16T15:05:53Z,6.508470932043892e-05
2024-12-16T15:05:53Z,6.509936827609347e-05
2024-12-16T15:05:54Z,6.511489562007124e-05
2024-12-16T15:05:54Z,6.512943360159292e-05
2024-12-16T15:05:55Z,6.514377966905936e-05
2024-12-16T15:05:56Z,6.515792742286486e-05
2024-12-16T15:05:57Z,6.518736393467444e-05
2024-12-16T15:05:57Z,6.517232549979028e-05
2024-12-16T15:05:57Z,6.520260936509364e-05
2024-12-16T15:05:59Z,6.523045894614592e-05
2024-12-16T15:05:58Z,6.521719662050336e-05
2024-12-16T15:05:59Z,6.524398996487822e-05
2024-12-16T15:05:59Z,6.5258194590704e-05
2024-12-16T15:05:59Z,6.525374160288149e-05
2024-12-16T15:06:01Z,6.524930450585763e-05
2024-12-16T15:06:01Z,6.526390626305869e-05
2024-12-16T15:06:01Z,6.527850802025972e-05
2024-12-16T15:06:01Z,6.52927881874482e-05
2024-12-16T15:06:03Z,6.530641294268305e-05
2024-12-16T15:06:03Z,6.532036599631396e-05
2024-12-16T15:06:04Z,6.533532108217431e-05
2024-12-16T15:06:04Z,6.535028568932219e-05
2024-12-16T15:06:05Z,6.536558882834881e-05
2024-12-16T15:06:05Z,6.538135839148376e-05
2024-12-16T15:06:07Z,6.539647033117049e-05
2024-12-16T15:06:08Z,6.541056596672998e-05
2024-12-16T15:06:08Z,6.542504367976985e-05
2024-12-16T15:06:08Z,6.544005117925152e-05
2024-12-16T15:06:08Z,6.54544038497833e-05
2024-12-16T15:04:30Z,6.345090354001921e-05
2024-12-16T15:06:09Z,6.546863018881063e-05
2024-12-16T15:06:09Z,6.554082059758539e-05
2024-12-16T15:04:32Z,6.347771040957026e-05
2024-12-16T15:04:29Z,6.342403002842973e-05
2024-12-16T15:06:09Z,6.561324145756761e-05
2024-12-16T15:06:10Z,6.562724858636372e-05
2024-12-16T15:06:10Z,6.564125927861738e-05
2024-12-16T15:04:40Z,6.363410557044489e-05
2024-12-16T15:06:11Z,6.565654900828066e-05
2024-12-16T15:04:49Z,6.363430580497322e-05
2024-12-16T15:04:40Z,6.36194205875141e-05
2024-12-16T15:04:43Z,6.366532826428161e-05
2024-12-16T15:04:43Z,6.368035829070132e-05
2024-12-16T15:04:45Z,6.356066314443011e-05
2024-12-16T15:04:48Z,6.361975397846406e-05
2024-12-16T15:04:36Z,6.353418964429237e-05
2024-12-16T15:04:34Z,6.350485967698998e-05
2024-12-16T15:04:34Z,6.351935993916292e-05
2024-12-16T15:04:53Z,6.373714343243114e-05
2024-12-16T15:04:53Z,6.375175806772294e-05
2024-12-16T15:04:58Z,6.389822083310186e-05
2024-12-16T15:04:51Z,6.35909038957428e-05
2024-12-16T15:04:51Z,6.366375670691969e-05
2024-12-16T15:05:04Z,6.402850143250277e-05
2024-12-16T15:05:08Z,6.41023335426915e-05
2024-12-16T15:05:03Z,6.399889506291757e-05
2024-12-16T15:05:10Z,6.417293001183547e-05
2024-12-16T15:05:09Z,6.412980904902307e-05
2024-12-16T15:05:09Z,6.414322783771321e-05
2024-12-16T15:05:11Z,6.423309634828552e-05
2024-12-16T15:05:15Z,6.429305178026179e-05
2024-12-16T15:05:15Z,6.430735256103361e-05
2024-12-16T15:06:15Z,6.567148029260425e-05
2024-12-16T15:06:15Z,6.568539482544493e-05
2024-12-16T15:06:15Z,6.570031310096427e-05
2024-12-16T15:06:15Z,6.57152343181356e-05
2024-12-16T15:06:15Z,6.572909219446649e-05
2024-12-16T15:05:04Z,6.4014024158893e-05
2024-12-16T15:04:59Z,6.391249153964749e-05
2024-12-16T15:04:53Z,6.370845959682018e-05
2024-12-16T15:04:53Z,6.372279500564439e-05
2024-12-16T15:04:44Z,6.361973906826297e-05
2024-12-16T15:06:17Z,6.574382673478375e-05
2024-12-16T15:06:17Z,6.575883039031746e-05
2024-12-16T15:06:18Z,6.577290771016022e-05
2024-12-16T15:05:12Z,6.424780090145102e-05
2024-12-16T15:05:07Z,6.408695784333942e-05
2024-12-16T15:05:03Z,6.398376790198846e-05
2024-12-16T15:06:19Z,6.580300843012684e-05
2024-12-16T15:04:43Z,6.369473440310494e-05
2024-12-16T15:06:19Z,6.578738841045914e-05
2024-12-16T15:04:58Z,6.388308472958744e-05
2024-12-16T15:06:20Z,6.581833738313792e-05
2024-12-16T15:04:50Z,6.351867496065664e-05
2024-12-16T15:04:57Z,6.386821016103985e-05
2024-12-16T15:05:00Z,6.392673251249962e-05
2024-12-16T15:06:20Z,6.583245395514056e-05
2024-12-16T15:04:57Z,6.385400055506056e-05
2024-12-16T15:05:09Z,6.411640109792219e-05
2024-12-16T15:06:21Z,6.584697352733127e-05
2024-12-16T15:06:22Z,6.586136276476118e-05
2024-12-16T15:05:13Z,6.426250545523195e-05
2024-12-16T15:04:56Z,6.383953603216092e-05
2024-12-16T15:05:14Z,6.427826957041034e-05
2024-12-16T15:05:16Z,6.433750059609836e-05
2024-12-16T15:06:23Z,6.587555588987645e-05
2024-12-16T15:04:44Z,6.354522113531758e-05
2024-12-16T15:06:23Z,6.589108998170856e-05
2024-12-16T15:06:24Z,6.590642658480026e-05
2024-12-16T15:04:51Z,6.367827682869495e-05
2024-12-16T15:06:25Z,6.59217044435453e-05
2024-12-16T15:04:48Z,6.360520049948805e-05
2024-12-16T15:04:49Z,6.364939129489912e-05
2024-12-16T15:05:02Z,6.396864944090156e-05
2024-12-16T15:06:25Z,6.593638879608972e-05
2024-12-16T15:05:01Z,6.395438504780342e-05
2024-12-16T15:05:07Z,6.404238841072376e-05
2024-12-16T15:05:07Z,6.405714086628078e-05
2024-12-16T15:05:07Z,6.407182912613341e-05
2024-12-16T15:06:27Z,6.595053834265202e-05
2024-12-16T15:06:27Z,6.596529618699698e-05
2024-12-16T15:06:28Z,6.598066068720402e-05
2024-12-16T15:04:49Z,6.366447967198145e-05
2024-12-16T15:06:29Z,6.599576628000762e-05
2024-12-16T15:05:16Z,6.432255569811643e-05
2024-12-16T15:04:56Z,6.376674686541614e-05
2024-12-16T15:04:56Z,6.378204191188838e-05
2024-12-16T15:05:11Z,6.420331472799544e-05
2024-12-16T15:05:11Z,6.421787612805543e-05
2024-12-16T15:04:56Z,6.379721105314837e-05
2024-12-16T15:04:56Z,6.381146535440752e-05
2024-12-16T15:04:56Z,6.382533286299862e-05
2024-12-16T15:06:30Z,6.601020159435904e-05
2024-12-16T15:06:30Z,6.602471401655159e-05
2024-12-16T15:04:52Z,6.369346454649668e-05
2024-12-16T15:05:00Z,6.394065750568224e-05
2024-12-16T15:06:31Z,6.603907485564732e-05
2024-12-16T15:06:32Z,6.605341076905386e-05
2024-12-16T15:06:33Z,6.606795179576106e-05
2024-12-16T15:06:34Z,6.608270501866734e-05
2024-12-16T15:06:34Z,6.60973928643871e-05
2024-12-16T15:06:35Z,6.6112413701495e-05
2024-12-16T15:06:36Z,6.614375228134471e-05
2024-12-16T15:06:40Z,6.621466052957182e-05
2024-12-16T15:06:43Z,6.625772492345347e-05
2024-12-16T15:06:46Z,6.633393865867993e-05
2024-12-16T15:06:47Z,6.635000044018919e-05
2024-12-16T15:06:49Z,6.639620965176273e-05
2024-12-16T15:06:49Z,6.707578200916431e-05
2024-12-16T15:06:51Z,6.779325006943936e-05
2024-12-16T15:07:01Z,6.750291146041495e-05
2024-12-16T15:07:01Z,6.75635934916366e-05
2024-12-16T15:07:01Z,6.751768635750899e-05
2024-12-16T15:07:02Z,6.751970913495688e-05
2024-12-16T15:07:02Z,6.750690379054165e-05
2024-12-16T15:07:02Z,6.750689465633453e-05
2024-12-16T15:07:03Z,6.750589846000072e-05
2024-12-16T15:07:02Z,6.682886013018873e-05
2024-12-16T15:07:02Z,6.681618167148143e-05
2024-12-16T15:07:04Z,6.753654576024365e-05
2024-12-16T15:07:02Z,6.74910794481575e-05
2024-12-16T15:07:07Z,6.753555488477801e-05
2024-12-16T15:07:07Z,6.75503922977121e-05
2024-12-16T15:07:07Z,6.756455868400766e-05
2024-12-16T15:07:07Z,6.757838824401217e-05
2024-12-16T15:07:07Z,6.759337084936523e-05
2024-12-16T15:07:08Z,6.760869922096605e-05
2024-12-16T15:07:08Z,6.762356116868795e-05
2024-12-16T15:07:09Z,6.763788130636169e-05
2024-12-16T15:07:10Z,6.765160145628604e-05
2024-12-16T15:07:10Z,6.76659363400257e-05
2024-12-16T15:07:11Z,6.769508743542726e-05
2024-12-16T15:07:11Z,6.768088056673216e-05
2024-12-16T15:07:11Z,6.770997371383246e-05
2024-12-16T15:07:12Z,6.772554614795827e-05
2024-12-16T15:07:13Z,6.774112267153554e-05
2024-12-16T15:07:14Z,6.775674593070756e-05
2024-12-16T15:07:14Z,6.777167496908522e-05
2024-12-16T15:07:15Z,6.778654147776111e-05
2024-12-16T15:07:16Z,6.780188226863132e-05
2024-12-16T15:07:16Z,6.781743459461853e-05
2024-12-16T15:07:17Z,6.783251935558656e-05
2024-12-16T15:07:18Z,6.784740432433117e-05
2024-12-16T15:07:19Z,6.786161857743872e-05
2024-12-16T15:07:20Z,6.787529399101767e-05
2024-12-16T15:07:21Z,6.788897762995319e-05
2024-12-16T15:07:25Z,6.790252178237313e-05
2024-12-16T15:07:25Z,6.791722772024306e-05
2024-12-16T15:07:25Z,6.793329338511991e-05
2024-12-16T15:07:25Z,6.794861797947228e-05
2024-12-16T15:07:26Z,6.796259392266651e-05
2024-12-16T15:07:27Z,6.797670639474715e-05
2024-12-16T15:07:28Z,6.799134430226998e-05
2024-12-16T15:07:29Z,6.802180996321631e-05
2024-12-16T15:07:28Z,6.80065065245351e-05
2024-12-16T15:07:30Z,6.803684302001648e-05
2024-12-16T15:07:30Z,6.805188489485535e-05
2024-12-16T15:07:31Z,6.80663864945458e-05
2024-12-16T15:07:32Z,6.808157504137415e-05
2024-12-16T15:07:33Z,6.809785482656802e-05
2024-12-16T15:07:34Z,6.811339027193259e-05
2024-12-16T15:07:34Z,6.81275703868893e-05
2024-12-16T15:07:35Z,6.814182573105837e-05
2024-12-16T15:07:36Z,6.815608971861623e-05
2024-12-16T15:07:37Z,6.817026250059246e-05
2024-12-16T15:07:38Z,6.818455710398216e-05
2024-12-16T15:07:41Z,6.825933767736266e-05
2024-12-16T15:07:42Z,6.833462352423935e-05
2024-12-16T15:07:42Z,6.83501206919555e-05
2024-12-16T15:07:42Z,6.836644664698032e-05
2024-12-16T15:07:42Z,6.838175405469993e-05
2024-12-16T15:07:42Z,6.839638410205423e-05
2024-12-16T15:07:42Z,6.841108329240812e-05
2024-12-16T15:07:43Z,6.842517795506554e-05
2024-12-16T15:07:43Z,6.843886894641473e-05
2024-12-16T15:07:44Z,6.845270545698176e-05
2024-12-16T15:07:44Z,6.846719637450847e-05
2024-12-16T15:07:44Z,6.848283023095404e-05
2024-12-16T15:07:46Z,6.849832661194949e-05
2024-12-16T15:07:47Z,6.851261085199384e-05
2024-12-16T15:07:47Z,6.852703357651534e-05
2024-12-16T15:07:48Z,6.854214030979083e-05
2024-12-16T15:07:49Z,6.855657011897191e-05
2024-12-16T15:07:49Z,6.857094061931585e-05
2024-12-16T15:07:50Z,6.858537766597944e-05
2024-12-16T15:07:50Z,6.860027953241544e-05
2024-12-16T15:07:54Z,6.861542585624322e-05
2024-12-16T15:07:54Z,6.86294983961074e-05
2024-12-16T15:07:54Z,6.864452413395362e-05
2024-12-16T15:07:55Z,6.865948583791099e-05
2024-12-16T15:07:55Z,6.867425100924667e-05
2024-12-16T15:07:57Z,6.871986071150025e-05
2024-12-16T15:07:56Z,6.868997288454623e-05
2024-12-16T15:07:56Z,6.870508628653361e-05
2024-12-16T15:07:58Z,6.873484865558042e-05
2024-12-16T15:07:59Z,6.867164496529022e-05
2024-12-16T15:07:59Z,6.870340803123271e-05
2024-12-16T15:07:59Z,6.868695734527413e-05
2024-12-16T15:07:59Z,6.870193251413104e-05
2024-12-16T15:08:01Z,6.871637224287466e-05
2024-12-16T15:08:01Z,6.873108501206731e-05
2024-12-16T15:08:02Z,6.87463461648602e-05
2024-12-16T15:08:03Z,6.876141101519253e-05
2024-12-16T15:08:04Z,6.87760009891307e-05
2024-12-16T15:08:05Z,6.879121080371398e-05
2024-12-16T15:08:06Z,6.880622367576768e-05
2024-12-16T15:07:01Z,6.687228779151603e-05
2024-12-16T15:07:01Z,6.748709718540294e-05
2024-12-16T15:08:07Z,6.882176022488463e-05
2024-12-16T15:07:01Z,6.75018686211013e-05
2024-12-16T15:08:07Z,6.883658480216182e-05
2024-12-16T15:08:07Z,6.885059733613773e-05
2024-12-16T15:08:09Z,6.889460274325564e-05
2024-12-16T15:08:09Z,6.886530499820323e-05
2024-12-16T15:08:09Z,6.888029646129551e-05
2024-12-16T15:08:11Z,6.896952521756281e-05
2024-12-16T15:08:11Z,6.904481254878577e-05
2024-12-16T15:08:12Z,6.905924224728356e-05
2024-12-16T15:08:14Z,6.909994305669645e-05
2024-12-16T15:08:15Z,6.986814455798649e-05
2024-12-16T15:08:17Z,7.061788034290895e-05
2024-12-16T15:08:18Z,7.063290067841738e-05
2024-12-16T15:08:19Z,7.064811814233148e-05
2024-12-16T15:08:20Z,7.066234441342304e-05
2024-12-16T15:08:20Z,7.067726183178402e-05
2024-12-16T15:08:21Z,7.067007779262656e-05
2024-12-16T15:08:22Z,6.892019463312197e-05
2024-12-16T15:08:22Z,6.555561208814471e-05
2024-12-16T15:08:22Z,6.264066435522402e-05
2024-12-16T15:08:22Z,6.009367366202901e-05
2024-12-16T15:08:22Z,5.770019684138351e-05
2024-12-16T15:08:22Z,5.426966046193766e-05
2024-12-16T15:08:22Z,5.1145425693105073e-05
2024-12-16T15:08:22Z,4.895167631096977e-05
2024-12-16T15:08:23Z,4.7047499756190104e-05
2024-12-16T15:08:23Z,4.5763324501631555e-05
2024-12-16T15:08:23Z,4.3916316837324325e-05
2024-12-16T15:08:24Z,4.191500909273074e-05
2024-12-16T15:08:24Z,4.031949601385662e-05
2024-12-16T15:08:24Z,3.874739021393214e-05
2024-12-16T15:08:24Z,3.723070766941461e-05
2024-12-16T15:08:24Z,3.652060766122289e-05
2024-12-16T15:08:24Z,3.6038293340090245e-05
2024-12-16T15:08:24Z,3.514549828305581e-05
2024-12-16T15:08:25Z,3.47576045847828e-05
2024-12-16T15:08:25Z,3.4473435569040126e-05
2024-12-16T15:08:25Z,3.353894542744194e-05
2024-12-16T15:08:25Z,3.26799948928981e-05
2024-12-16T15:08:26Z,3.185546336472689e-05
2024-12-16T15:08:26Z,3.106330161601542e-05
2024-12-16T15:08:26Z,2.983027140994036e-05
2024-12-16T15:08:26Z,2.8574174964371826e-05
2024-12-16T15:08:26Z,2.8109739902611424e-05
2024-12-16T15:08:26Z,2.7749989650775895e-05
2024-12-16T15:08:27Z,2.6604183836782048e-05
2024-12-16T15:08:27Z,2.6166172296424103e-05
2024-12-16T15:08:27Z,2.7559046071044737e-05
2024-12-16T15:08:27Z,2.7175899374392407e-05
2024-12-16T15:08:28Z,2.5782213875282032e-05
2024-12-16T15:08:28Z,2.5482374764948225e-05
2024-12-16T15:08:28Z,2.5333517964202487e-05
2024-12-16T15:08:28Z,2.519373922408067e-05
2024-12-16T15:08:28Z,2.4833644252194345e-05
2024-12-16T15:08:28Z,2.448891916507321e-05
2024-12-16T15:08:28Z,2.3896714076070643e-05
2024-12-16T15:08:29Z,2.328751299963042e-05
2024-12-16T15:08:29Z,2.2743523962947244e-05
2024-12-16T15:08:29Z,2.2139350170378733e-05
2024-12-16T15:08:30Z,2.1814783390829784e-05
2024-12-16T15:08:30Z,2.1133729358055802e-05
2024-12-16T15:08:30Z,2.158848555473047e-05
2024-12-16T15:08:30Z,2.1385973438559228e-05
2024-12-16T15:08:31Z,2.0712054840195225e-05
2024-12-16T15:08:32Z,2.032012475036285e-05
2024-12-16T15:08:32Z,2.0059364112603145e-05
2024-12-16T15:08:32Z,1.970390143282485e-05
2024-12-16T15:08:32Z,1.914069281587115e-05
2024-12-16T15:08:33Z,1.862524485688901e-05
2024-12-16T15:08:33Z,1.8420992006490854e-05
2024-12-16T15:08:33Z,1.831645516166228e-05
2024-12-16T15:08:33Z,1.814956362813077e-05
2024-12-16T15:08:35Z,1.785052234077489e-05
2024-12-16T15:08:35Z,1.7506880559921062e-05
2024-12-16T15:08:35Z,1.7178653905108925e-05
2024-12-16T15:08:36Z,1.6889294454614754e-05
2024-12-16T15:08:36Z,1.6637865152505463e-05
2024-12-16T15:08:36Z,1.649371424187575e-05
2024-12-16T15:08:37Z,1.6395730292527526e-05
2024-12-16T15:08:36Z,1.6772169346208936e-05
2024-12-16T15:08:36Z,1.6727629574531513e-05
2024-12-16T15:08:37Z,1.6207129304321877e-05
2024-12-16T15:08:37Z,1.6357768050190375e-05
2024-12-16T15:08:38Z,1.5981296452632186e-05
2024-12-16T15:08:38Z,1.572344859264798e-05
2024-12-16T15:08:38Z,1.5425021113570743e-05
2024-12-16T15:08:39Z,1.5214642177397166e-05
2024-12-16T15:08:39Z,1.5050320197605192e-05
2024-12-16T15:08:39Z,1.4748187228612761e-05
2024-12-16T15:08:39Z,1.4368337784475043e-05
2024-12-16T15:08:39Z,1.4132155479968428e-05
2024-12-16T15:08:40Z,1.3997078335973079e-05
2024-12-16T15:08:40Z,1.3919388515317023e-05
2024-12-16T15:08:41Z,1.3729382148774603e-05
2024-12-16T15:08:41Z,1.354022788848692e-05
2024-12-16T15:08:41Z,1.3512581777479192e-05
2024-12-16T15:08:42Z,1.3243356959523695e-05
2024-12-16T15:08:42Z,1.29369361918557e-05
2024-12-16T15:08:42Z,1.2655542809978264e-05
2024-12-16T15:08:43Z,1.2420897533699238e-05
2024-12-16T15:08:44Z,1.2342109348637951e-05
2024-12-16T15:08:44Z,1.2246362845018535e-05
2024-12-16T15:08:15Z,6.986814455798649e-05
2024-12-16T15:08:42Z,1.2655542809978264e-05
2024-12-16T15:08:45Z,1.2205385823719996e-05
2024-12-16T15:08:45Z,1.2078936786302402e-05
2024-12-16T15:08:45Z,1.1871884705746407e-05
2024-12-16T15:08:45Z,1.173249696061043e-05
2024-12-16T15:08:46Z,1.1663629164194083e-05
2024-12-16T15:08:14Z,6.909994305669645e-05
2024-12-16T15:08:46Z,1.1657092843098754e-05
2024-12-16T15:08:46Z,1.1627423451456207e-05
2024-12-16T15:08:46Z,1.1544632420422002e-05
2024-12-16T15:08:46Z,1.1466904339789086e-05
2024-12-16T15:08:18Z,7.063290067841738e-05
2024-12-16T15:08:47Z,1.141466084608335e-05
2024-12-16T15:08:17Z,7.061788034290895e-05
2024-12-16T15:08:48Z,1.1393805384025902e-05
2024-12-16T15:08:48Z,1.1348614298298905e-05
2024-12-16T15:08:19Z,7.064811814233148e-05
2024-12-16T15:08:20Z,7.066234441342304e-05
2024-12-16T15:08:48Z,1.1301218577060428e-05
2024-12-16T15:08:21Z,7.067007779262656e-05
2024-12-16T15:08:49Z,1.1296727373786899e-05
2024-12-16T15:08:49Z,1.1206258002707874e-05
2024-12-16T15:08:49Z,1.109655536336648e-05
2024-12-16T15:08:22Z,6.892019463312197e-05
2024-12-16T15:08:22Z,6.555561208814471e-05
2024-12-16T15:08:22Z,6.264066435522402e-05
2024-12-16T15:08:22Z,6.009367366202901e-05
2024-12-16T15:08:22Z,5.770019684138351e-05
2024-12-16T15:08:22Z,5.426966046193766e-05
2024-12-16T15:08:20Z,7.067726183178402e-05
2024-12-16T15:08:50Z,1.1042479008012782e-05
2024-12-16T15:08:51Z,1.0820624196824926e-05
2024-12-16T15:08:51Z,1.0634477382918793e-05
2024-12-16T15:08:51Z,1.0615822504505762e-05
2024-12-16T15:08:51Z,1.0595344230478028e-05
2024-12-16T15:08:51Z,1.0566238250705841e-05
2024-12-16T15:08:52Z,1.0537965599087256e-05
2024-12-16T15:08:23Z,4.657702478110024e-05
2024-12-16T15:08:23Z,4.5305691268538824e-05
2024-12-16T15:08:24Z,3.723070766941461e-05
2024-12-16T15:08:24Z,3.652060766122289e-05
2024-12-16T15:08:24Z,3.6038293340090245e-05
2024-12-16T15:08:24Z,3.514549828305581e-05
2024-12-16T15:08:22Z,4.895167631096977e-05
2024-12-16T15:08:24Z,4.1495859020239085e-05
2024-12-16T15:08:24Z,3.991630106882441e-05
2024-12-16T15:08:24Z,3.835991631595799e-05
2024-12-16T15:08:23Z,4.347715368051111e-05
2024-12-16T15:08:25Z,3.47576045847828e-05
2024-12-16T15:08:25Z,3.4473435569040126e-05
2024-12-16T15:08:25Z,3.353894542744194e-05
2024-12-16T15:08:25Z,3.26799948928981e-05
2024-12-16T15:08:26Z,3.185546336472689e-05
2024-12-16T15:08:26Z,3.106330161601542e-05
2024-12-16T15:08:26Z,2.983027140994036e-05
2024-12-16T15:08:26Z,2.8574174964371826e-05
2024-12-16T15:08:26Z,2.8109739902611424e-05
2024-12-16T15:08:26Z,2.7749989650775895e-05
2024-12-16T15:08:22Z,5.063397145097713e-05
2024-12-16T15:08:53Z,1.0519619552814336e-05
2024-12-16T15:08:55Z,1.0501918142335067e-05
2024-12-16T15:08:55Z,1.0469542108990935e-05
2024-12-16T15:08:55Z,1.0437005402951465e-05
2024-12-16T15:08:55Z,1.0419059500608457e-05
2024-12-16T15:08:55Z,1.0402224422283111e-05
2024-12-16T15:08:56Z,1.0346832682509047e-05
2024-12-16T15:08:56Z,1.024185743478819e-05
2024-12-16T15:08:56Z,1.017930397540214e-05
2024-12-16T15:08:27Z,2.7559046071044737e-05
2024-12-16T15:08:27Z,2.7175899374392407e-05
2024-12-16T15:08:27Z,2.633814200738336e-05
2024-12-16T15:08:27Z,2.590451059982225e-05
2024-12-16T15:08:30Z,2.1133729358055802e-05
2024-12-16T15:08:28Z,2.552439175534114e-05
2024-12-16T15:08:28Z,2.5227551078947457e-05
2024-12-16T15:08:57Z,1.0139350308833823e-05
2024-12-16T15:08:57Z,1.0028960987951632e-05
2024-12-16T15:08:57Z,9.944952402209872e-06
2024-12-16T15:08:29Z,2.328751299963042e-05
2024-12-16T15:08:29Z,2.2743523962947244e-05
2024-12-16T15:08:29Z,2.2139350170378733e-05
2024-12-16T15:08:30Z,2.158848555473047e-05
2024-12-16T15:08:30Z,2.1385973438559228e-05
2024-12-16T15:08:28Z,2.5333517964202487e-05
2024-12-16T15:08:28Z,2.519373922408067e-05
2024-12-16T15:08:28Z,2.4833644252194345e-05
2024-12-16T15:08:28Z,2.448891916507321e-05
2024-12-16T15:08:28Z,2.3896714076070643e-05
2024-12-16T15:08:30Z,2.1814783390829784e-05
2024-12-16T15:08:31Z,2.050493432095293e-05
2024-12-16T15:08:58Z,9.816448445046214e-06
2024-12-16T15:08:58Z,9.690246215508546e-06
2024-12-16T15:08:33Z,1.8236782168740007e-05
2024-12-16T15:08:33Z,1.813329061647291e-05
2024-12-16T15:08:35Z,1.785052234077489e-05
2024-12-16T15:08:35Z,1.7506880559921062e-05
2024-12-16T15:08:32Z,1.914069281587115e-05
2024-12-16T15:08:59Z,9.678896899091383e-06
2024-12-16T15:08:59Z,9.668440967221423e-06
2024-12-16T15:08:59Z,9.653304423875697e-06
2024-12-16T15:08:35Z,1.7178653905108925e-05
2024-12-16T15:08:59Z,9.575938888779466e-06
2024-12-16T15:08:59Z,9.464045177632937e-06
2024-12-16T15:08:59Z,9.305840236977375e-06
2024-12-16T15:08:36Z,1.6772169346208936e-05
2024-12-16T15:08:36Z,1.6727629574531513e-05
2024-12-16T15:09:00Z,9.11013183663897e-06
2024-12-16T15:08:33Z,1.814956362813077e-05
2024-12-16T15:08:36Z,1.6889294454614754e-05
2024-12-16T15:08:33Z,1.8438992436028657e-05
2024-12-16T15:08:32Z,2.011692350400668e-05
2024-12-16T15:08:32Z,1.98587705190939e-05
2024-12-16T15:08:32Z,1.9506862444339275e-05
2024-12-16T15:09:00Z,9.11013183663897e-06
2024-12-16T15:08:39Z,1.5062495764571859e-05
2024-12-16T15:08:38Z,1.5270770911652468e-05
2024-12-16T15:08:39Z,1.5050320197605192e-05
2024-12-16T15:08:36Z,1.6471486577735567e-05
2024-12-16T15:08:36Z,1.632877712781973e-05
2024-12-16T15:08:40Z,1.3997078335973079e-05
2024-12-16T15:08:40Z,1.3919388515317023e-05
2024-12-16T15:08:37Z,1.6207129304321877e-05
2024-12-16T15:08:39Z,1.4600705367457662e-05
2024-12-16T15:08:39Z,1.4224654414616143e-05
2024-12-16T15:08:39Z,1.3990833930824731e-05
2024-12-16T15:08:37Z,1.6395730292527526e-05
2024-12-16T15:08:41Z,1.3729382148774603e-05
2024-12-16T15:08:41Z,1.354022788848692e-05
2024-12-16T15:08:41Z,1.3512581777479192e-05
2024-12-16T15:08:37Z,1.6194190407423736e-05
2024-12-16T15:09:03Z,8.9992071511342e-06
2024-12-16T15:09:03Z,8.917853407668776e-06
2024-12-16T15:09:03Z,8.825591820557433e-06
2024-12-16T15:09:03Z,8.728563540111665e-06
2024-12-16T15:08:45Z,1.2078936786302402e-05
2024-12-16T15:08:45Z,1.1871884705746407e-05
2024-12-16T15:08:45Z,1.173249696061043e-05
2024-12-16T15:08:46Z,1.154699301396171e-05
2024-12-16T15:08:43Z,1.229668863476004e-05
2024-12-16T15:08:45Z,1.2205385823719996e-05
2024-12-16T15:08:42Z,1.2528987397236649e-05
2024-12-16T15:08:42Z,1.3110923402907274e-05
2024-12-16T15:08:42Z,1.2807566858499713e-05
2024-12-16T15:08:44Z,1.2342109348637951e-05
2024-12-16T15:08:44Z,1.2246362845018535e-05
2024-12-16T15:08:46Z,1.1429186109571451e-05
2024-12-16T15:08:46Z,1.1352235324805423e-05
2024-12-16T15:08:47Z,1.1300514471682306e-05
2024-12-16T15:08:46Z,1.1657092843098754e-05
2024-12-16T15:08:46Z,1.1511149227947938e-05
2024-12-16T15:08:48Z,1.1188206527208865e-05
2024-12-16T15:09:08Z,8.660028833730801e-06
2024-12-16T15:08:48Z,1.1393314975180179e-05
2024-12-16T15:08:48Z,1.1348125834554704e-05
2024-12-16T15:08:49Z,1.0985117015200671e-05
2024-12-16T15:08:50Z,1.104200372085439e-05
2024-12-16T15:08:49Z,1.1296241143344557e-05
2024-12-16T15:08:49Z,1.1205775666221796e-05
2024-12-16T15:09:09Z,8.640697254608065e-06
2024-12-16T15:09:09Z,8.625876901395358e-06
2024-12-16T15:09:09Z,8.610585275252442e-06
2024-12-16T15:09:10Z,8.544675171023345e-06
2024-12-16T15:08:51Z,1.082015845867656e-05
2024-12-16T15:08:51Z,1.063401965684726e-05
2024-12-16T15:08:51Z,1.061536558137206e-05
2024-12-16T15:08:51Z,1.0594888188764221e-05
2024-12-16T15:09:10Z,8.480934682938855e-06
2024-12-16T15:08:51Z,1.046012567668554e-05
2024-12-16T15:08:55Z,1.040177669277572e-05
2024-12-16T15:08:55Z,1.0436556176411256e-05
2024-12-16T15:08:55Z,1.0418611046490539e-05
2024-12-16T15:08:53Z,1.0413975214457835e-05
2024-12-16T15:08:56Z,1.0346387337156751e-05
2024-12-16T15:08:56Z,1.0241416607749867e-05
2024-12-16T15:08:55Z,1.0501466121839677e-05
2024-12-16T15:08:55Z,1.0469091482015322e-05
2024-12-16T15:08:52Z,1.0432137078586008e-05
2024-12-16T15:08:56Z,1.007707741934472e-05
2024-12-16T15:08:59Z,9.678896899091383e-06
2024-12-16T15:08:59Z,9.668440967221423e-06
2024-12-16T15:08:59Z,9.653304423875697e-06
2024-12-16T15:08:57Z,1.0037956874476543e-05
2024-12-16T15:08:57Z,9.928671404635668e-06
2024-12-16T15:08:57Z,9.845503027473614e-06
2024-12-16T15:08:58Z,9.718283980825266e-06
2024-12-16T15:08:58Z,9.593344124053037e-06
2024-12-16T15:09:17Z,8.4674478836125e-06
2024-12-16T15:09:17Z,8.453149574881418e-06
2024-12-16T15:09:17Z,8.380451825695521e-06
2024-12-16T15:09:17Z,8.310230810576613e-06
2024-12-16T15:08:59Z,9.575526724012831e-06
2024-12-16T15:08:59Z,9.46363782896276e-06
2024-12-16T15:08:59Z,9.305439697718077e-06
2024-12-16T15:09:23Z,8.299090256711176e-06
2024-12-16T15:09:23Z,8.288821234735508e-06
2024-12-16T15:09:23Z,8.279017818818376e-06
2024-12-16T15:09:24Z,8.267587699339344e-06
2024-12-16T15:09:24Z,8.256265697051966e-06
2024-12-16T15:09:24Z,8.245614215245496e-06
2024-12-16T15:09:24Z,8.236118089936738e-06
2024-12-16T15:09:24Z,8.226877987021808e-06
2024-12-16T15:09:27Z,8.216882926675921e-06
2024-12-16T15:09:36Z,8.208655268459898e-06
2024-12-16T15:09:36Z,8.202153149258e-06
2024-12-16T15:09:36Z,8.19522295440437e-06
2024-12-16T15:09:36Z,8.188243506178788e-06
2024-12-16T15:09:36Z,8.18184154021917e-06
2024-12-16T15:09:36Z,8.175772247616964e-06
2024-12-16T15:09:37Z,8.17238897382948e-06
2024-12-16T15:09:37Z,8.11648220216148e-06
2024-12-16T15:09:37Z,8.055605756748854e-06
2024-12-16T15:09:38Z,8.045940791076988e-06
2024-12-16T15:09:38Z,8.035578697127578e-06
2024-12-16T15:09:39Z,8.024437573369594e-06
2024-12-16T15:09:39Z,8.015490648507141e-06
2024-12-16T15:09:40Z,7.900380256640053e-06
2024-12-16T15:09:40Z,7.787720174511374e-06
2024-12-16T15:09:40Z,7.781177625625905e-06
2024-12-16T15:09:40Z,7.774330120807906e-06
2024-12-16T15:09:40Z,7.76692847182983e-06
2024-12-16T15:09:40Z,7.757342720622544e-06
2024-12-16T15:09:41Z,7.744871159073621e-06
2024-12-16T15:09:41Z,7.734168094220705e-06
2024-12-16T15:09:41Z,7.725776699781828e-06
2024-12-16T15:09:41Z,7.721906173967582e-06
2024-12-16T15:09:41Z,7.71924119157899e-06
2024-12-16T15:09:42Z,7.71303920307119e-06
2024-12-16T15:09:42Z,7.709597854283603e-06
2024-12-16T15:09:44Z,7.70278392111369e-06
2024-12-16T15:09:44Z,7.692512012356399e-06
2024-12-16T15:09:44Z,7.684757922535301e-06
2024-12-16T15:09:44Z,7.652976792242811e-06
2024-12-16T15:09:44Z,7.601105629756602e-06
2024-12-16T15:09:45Z,7.5651394840335724e-06
2024-12-16T15:09:45Z,7.515648560290841e-06
2024-12-16T15:09:47Z,7.474602472311848e-06
2024-12-16T15:09:47Z,7.436281976868253e-06
2024-12-16T15:09:47Z,7.383639775191264e-06
2024-12-16T15:09:51Z,7.360483361065123e-06
2024-12-16T15:09:51Z,7.352020310156533e-06
2024-12-16T15:09:51Z,7.3441360159323635e-06
2024-12-16T15:09:53Z,7.337240019916463e-06
2024-12-16T15:09:54Z,7.330818877212894e-06
2024-12-16T15:09:54Z,7.325191521103333e-06
2024-12-16T15:09:57Z,7.3280136375208255e-06
2024-12-16T15:10:02Z,7.330167426758715e-06
2024-12-16T15:10:03Z,7.324477747202641e-06
2024-12-16T15:10:06Z,6.997760677626548e-06
2024-12-16T15:10:06Z,6.937991273672797e-06
2024-12-16T15:10:06Z,7.28085750209116e-06
2024-12-16T15:10:06Z,7.164792715394091e-06
2024-12-16T15:10:06Z,7.045196144891937e-06
2024-12-16T15:10:07Z,6.860890893606388e-06
2024-12-16T15:10:13Z,6.806708850240066e-06
2024-12-16T15:10:13Z,6.700623520586449e-06
2024-12-16T15:10:13Z,6.59111648955751e-06
2024-12-16T15:10:13Z,6.552783822519965e-06
2024-12-16T15:10:13Z,6.489388035611301e-06
2024-12-16T15:10:16Z,6.426559828123759e-06
2024-12-16T15:10:16Z,6.4234652156480015e-06
2024-12-16T15:10:21Z,6.4162932146921225e-06
2024-12-16T15:10:20Z,6.419265440929851e-06
2024-12-16T15:10:23Z,6.413960079344262e-06
2024-12-16T15:10:23Z,6.406574693533819e-06
2024-12-16T15:10:23Z,6.400674269430437e-06
2024-12-16T15:10:23Z,6.395490552679157e-06
2024-12-16T15:10:23Z,6.38828577341693e-06
2024-12-16T15:10:23Z,6.381051040064701e-06
2024-12-16T15:10:27Z,6.373760124964155e-06
2024-12-16T15:10:27Z,6.367458188661852e-06
2024-12-16T15:10:29Z,6.361637717756614e-06
2024-12-16T15:10:29Z,6.35705704039806e-06