open,close,high,low,Time
0.00000561207,0.000030623331,0.000030623331,0.00000561207,1735410090.0
0.000030623331,0.000031446798,0.000031446798,0.000030623331,1735410091.0
0.000031446798,0.000031539124,0.000031539124,0.000031446798,1735410092.0
0.000031539124,0.000031539124,0.000031539124,0.000031539124,1735410093.0
0.000031539124,0.000031539124,0.000031539124,0.000031539124,1735410094.0
0.000031539124,0.000031950154,0.000031950154,0.000031539124,1735410095.0
0.000031950154,0.000032037458,0.000032037458,0.000031950154,1735410096.0
0.000032037458,0.000032047713,0.000032047713,0.000032037458,1735410097.0
0.000032047713,0.000032099166,0.000032099166,0.000032047713,1735410098.0
0.000032099166,0.000032109208,0.000032109208,0.000032099166,1735410099.0
0.000032109208,0.000032118782,0.000032118782,0.000032109208,1735410100.0
0.000032118782,0.000032147879,0.000032147879,0.000032118782,1735410101.0
0.000032147879,0.000032195255,0.000032195255,0.000032147879,1735410102.0
0.000032195255,0.000032204422,0.000032204422,0.000032195255,1735410103.0
0.000032204422,0.00003222285,0.00003222285,0.000032204422,1735410104.0
0.00003222285,0.000032281088,0.000032281088,0.00003222285,1735410105.0
0.000032281088,0.000032290824,0.000032290824,0.000032281088,1735410106.0
0.000032290824,0.000032300786,0.000032300786,0.000032290824,1735410107.0
0.000032300786,0.00003235894,0.00003235894,0.000032300786,1735410108.0
0.00003235894,0.000032417913,0.000032417913,0.00003235894,1735410109.0
0.000032417913,0.000032426097,0.000032426097,0.000032417913,1735410110.0
0.000032426097,0.000032426097,0.000032426097,0.000032426097,1735410111.0
0.000032426097,0.000032445145,0.000032445145,0.000032426097,1735410112.0
0.000032445145,0.000032445145,0.000032445145,0.000032445145,1735410113.0
0.000032445145,0.000032494182,0.000032494182,0.000032445145,1735410114.0
0.000032494182,0.00003258309,0.00003258309,0.000032494182,1735410115.0
0.00003258309,0.00003264853,0.00003264853,0.00003258309,1735410116.0
0.00003264853,0.00003267694,0.00003267694,0.00003264853,1735410117.0
0.00003267694,0.000032686755,0.000032686755,0.00003267694,1735410118.0
0.000032686755,0.000032647261,0.000032686755,0.000032647261,1735410119.0
0.000032647261,0.000032617477,0.000032647261,0.000032607769,1735410120.0
0.000032617477,0.000032637794,0.000032637794,0.000032617477,1735410121.0
0.000032637794,0.000032647607,0.000032647607,0.000032637794,1735410122.0
0.000032647607,0.000032685773,0.000032685773,0.000032647607,1735410123.0
0.000032685773,0.000032695142,0.000032695142,0.000032685773,1735410124.0
0.000032695142,0.000032704545,0.000032704545,0.000032695142,1735410125.0
0.000032704545,0.000032732128,0.000032732128,0.000032704545,1735410126.0
0.000032732128,0.000032775801,0.000032775801,0.000032732128,1735410127.0
0.000032775801,0.000032789622,0.000032789622,0.000032775801,1735410128.0
0.000032789622,0.000032799891,0.000032799891,0.000032789622,1735410129.0
0.000032799891,0.000032850368,0.000032850368,0.000032799891,1735410130.0
0.000032850368,0.000032852535,0.000032852535,0.000032850368,1735410131.0
0.000032852535,0.000032872894,0.000032872894,0.000032852535,1735410132.0
0.000032872894,0.000032902855,0.000032902855,0.000032872894,1735410133.0
0.000032902855,0.000032912727,0.000032912727,0.000032902855,1735410134.0
0.000032912727,0.000032922603,0.000032922603,0.000032912727,1735410135.0
0.000032922603,0.000032951273,0.000032951273,0.000032922603,1735410136.0
0.000032951273,0.000032961523,0.000032961523,0.000032951273,1735410137.0
0.000032961523,0.000032980381,0.000032980381,0.000032961523,1735410138.0
0.000032980381,0.000032989795,0.000032989795,0.000032980381,1735410139.0
0.000032989795,0.00003302909,0.00003302909,0.000032989795,1735410140.0
0.00003302909,0.000033048481,0.000033048481,0.00003302909,1735410141.0
0.000033048481,0.000033067505,0.000033067505,0.000033048481,1735410142.0
0.000033067505,0.000033086686,0.000033086686,0.000033067505,1735410143.0
0.000033086686,0.000033096536,0.000033096536,0.000033086686,1735410144.0
0.000033096536,0.000033127461,0.000033127461,0.000033096536,1735410145.0
0.000033127461,0.000033138048,0.000033138048,0.000033127461,1735410146.0
0.000033138048,0.000033156005,0.000033156005,0.000033138048,1735410147.0
0.000033156005,0.000033176672,0.000033176672,0.000033156005,1735410148.0
0.000033176672,0.000033186563,0.000033186563,0.000033176672,1735410149.0
0.000033186563,0.000033196459,0.000033196459,0.000033186563,1735410150.0
0.000033196459,0.000033163216,0.000033492503,0.000033163216,1735410151.0
0.000033163216,0.000032576833,0.000033163216,0.000032576833,1735410152.0
0.000032576833,0.000032536797,0.000032576833,0.000032536797,1735410153.0
0.000032536797,0.000032513716,0.000032536797,0.000032475937,1735410154.0
0.000032513716,0.000032279625,0.000032553392,0.000032279625,1735410155.0
0.000032279625,0.000032294101,0.000032294101,0.000032279625,1735410156.0
0.000032294101,0.000032316814,0.000032316814,0.000032294101,1735410157.0
0.000032316814,0.000032316814,0.000032316814,0.000032316814,1735410158.0
0.000032316814,0.000032386837,0.000032386837,0.000032316814,1735410159.0
0.000032386837,0.000032425012,0.000032425012,0.000032386837,1735410160.0
0.000032425012,0.000032507011,0.000032507011,0.000032425012,1735410161.0
0.000032507011,0.000032507011,0.000032507011,0.000032507011,1735410162.0
0.000032507011,0.000032588503,0.000032588503,0.000032507011,1735410163.0
0.000032588503,0.000032608157,0.000032608157,0.000032588503,1735410164.0
0.000032608157,0.000032672375,0.000032672375,0.000032608157,1735410165.0
0.000032672375,0.000032738333,0.000032738333,0.000032672375,1735410166.0
0.000032738333,0.000032738333,0.000032738333,0.000032738333,1735410167.0
0.000032738333,0.000032882412,0.000032882412,0.000032738333,1735410168.0
0.000032882412,0.000032891837,0.000032891837,0.000032882412,1735410169.0
0.000032891837,0.000032952562,0.000032952562,0.000032891837,1735410170.0
0.000032952562,0.000032980867,0.000032980867,0.000032952562,1735410171.0
0.000032980867,0.000032980867,0.000032980867,0.000032980867,1735410172.0
0.000032980867,0.000032980867,0.000032980867,0.000032980867,1735410173.0
0.000032980867,0.000033003044,0.000033003044,0.000032980867,1735410174.0
0.000033003044,0.000033041338,0.000033041338,0.000033003044,1735410175.0
0.000033041338,0.000033101677,0.000033101677,0.000033041338,1735410176.0
0.000033101677,0.000033143301,0.000033143301,0.000033101677,1735410177.0
0.000033143301,0.000033261704,0.000033261704,0.000033143301,1735410178.0
0.000033261704,0.000033332162,0.000033332162,0.000033261704,1735410179.0
0.000033332162,0.000033351997,0.000033351997,0.000033332162,1735410180.0
0.000033351997,0.000033414003,0.000033414003,0.000033351997,1735410181.0
0.000033414003,0.000033454148,0.000033454148,0.000033414003,1735410182.0
0.000033454148,0.000033481493,0.000033481493,0.000033454148,1735410183.0
0.000033481493,0.000033497725,0.000033497725,0.000033481493,1735410184.0
0.000033497725,0.000033497725,0.000033497725,0.000033497725,1735410185.0
0.000033497725,0.000033592762,0.000033592762,0.000033497725,1735410186.0
0.000033592762,0.000033592762,0.000033592762,0.000033592762,1735410187.0
0.000033592762,0.000033690526,0.000033690526,0.000033592762,1735410188.0
0.000033690526,0.00003390546,0.00003390546,0.000033690526,1735410189.0
0.00003390546,0.000034098072,0.000034098072,0.00003390546,1735410190.0
0.000034098072,0.00003413719,0.00003413719,0.000034098072,1735410191.0
0.00003413719,0.000034178322,0.000034178322,0.00003413719,1735410192.0
0.000034178322,0.000034197968,0.000034197968,0.000034178322,1735410193.0
0.000034197968,0.000034218817,0.000034218817,0.000034197968,1735410194.0
0.000034218817,0.000034218817,0.000034218817,0.000034218817,1735410195.0
0.000034218817,0.000034218817,0.000034218817,0.000034218817,1735410196.0
0.000034218817,0.000034349939,0.000034349939,0.000034218817,1735410197.0
0.000034349939,0.000034392063,0.000034392063,0.000034349939,1735410198.0
0.000034392063,0.000034392063,0.000034392063,0.000034392063,1735410199.0
0.000034392063,0.000034468558,0.000034468558,0.000034392063,1735410200.0
0.000034468558,0.000034567104,0.000034567104,0.000034468558,1735410201.0
0.000034567104,0.000034597297,0.000034597297,0.000034567104,1735410202.0
0.000034597297,0.000034638121,0.000034638121,0.000034597297,1735410203.0
0.000034638121,0.000034664649,0.000034664649,0.000034638121,1735410204.0
0.000034664649,0.00003472568,0.00003472568,0.000034664649,1735410205.0
0.00003472568,0.000034776132,0.000034776132,0.00003472568,1735410206.0
0.000034776132,0.000034796602,0.000034796602,0.000034776132,1735410207.0
0.000034796602,0.000034806428,0.000034806428,0.000034796602,1735410208.0
0.000034806428,0.000034855772,0.000034855772,0.000034806428,1735410209.0
0.000034855772,0.000034897609,0.000034897609,0.000034855772,1735410210.0
0.000034897609,0.000034949027,0.000034949027,0.000034897609,1735410211.0
0.000034949027,0.000034990801,0.000034990801,0.000034949027,1735410212.0
0.000034990801,0.000035001258,0.000035001258,0.000034990801,1735410213.0
0.000035001258,0.000035040804,0.000035040804,0.000035001258,1735410214.0
0.000035040804,0.00003507916,0.00003507916,0.000035040804,1735410215.0
0.00003507916,0.000035109377,0.000035109377,0.00003507916,1735410216.0
0.000035109377,0.000035041811,0.000035153433,0.000035021997,1735410217.0
0.000035041811,0.000035101253,0.000035101253,0.000035041811,1735410218.0
0.000035101253,0.000035132873,0.000035132873,0.000035101253,1735410219.0
0.000035132873,0.000035203757,0.000035203757,0.000035132873,1735410220.0
0.000035203757,0.000035214249,0.000035214249,0.000035203757,1735410221.0
0.000035214249,0.00003529235,0.00003529235,0.000035214249,1735410222.0
0.00003529235,0.000035313201,0.000035313201,0.00003529235,1735410223.0
0.000035313201,0.000035384536,0.000035384536,0.000035313201,1735410224.0
0.000035384536,0.000035384536,0.000035384536,0.000035384536,1735410225.0
0.000035384536,0.000035384536,0.000035384536,0.000035384536,1735410226.0
0.000035384536,0.000035535093,0.000035535093,0.000035384536,1735410227.0
0.000035535093,0.000035575309,0.000035575309,0.000035535093,1735410228.0
0.000035575309,0.000035637085,0.000035637085,0.000035575309,1735410229.0
0.000035637085,0.000035637085,0.000035637085,0.000035637085,1735410230.0
0.000035637085,0.000035689742,0.000035689742,0.000035637085,1735410231.0
0.000035689742,0.00003570037,0.00003570037,0.000035689742,1735410232.0
0.00003570037,0.000035732649,0.000035732649,0.00003570037,1735410233.0
0.000035732649,0.000035812976,0.000035812976,0.000035732649,1735410234.0
0.000035812976,0.000035866383,0.000035866383,0.000035812976,1735410235.0
0.000035866383,0.000035915155,0.000035915155,0.000035866383,1735410236.0
0.000035915155,0.000035943989,0.000035943989,0.000035915155,1735410237.0
0.000035943989,0.000035964512,0.000035964512,0.000035943989,1735410238.0
0.000035964512,0.000035985523,0.000035985523,0.000035964512,1735410239.0
0.000035985523,0.000036055211,0.000036055211,0.000035985523,1735410240.0
0.000036055211,0.000036079294,0.000036079294,0.000036055211,1735410241.0
0.000036079294,0.000036090542,0.000036090542,0.000036079294,1735410242.0
0.000036090542,0.000036165941,0.000036165941,0.000036090542,1735410243.0
0.000036165941,0.000036176286,0.000036176286,0.000036165941,1735410244.0
0.000036176286,0.000036258894,0.000036258894,0.000036176286,1735410245.0
0.000036258894,0.000036268855,0.000036268855,0.000036258894,1735410246.0
0.000036268855,0.000036268855,0.000036268855,0.000036268855,1735410247.0
0.000036268855,0.000036370451,0.000036370451,0.000036268855,1735410248.0
0.000036370451,0.000036444567,0.000036444567,0.000036370451,1735410249.0
0.000036444567,0.000036486664,0.000036486664,0.000036444567,1735410250.0
0.000036486664,0.000036714772,0.000036714772,0.000036486664,1735410251.0
0.000036714772,0.000036734766,0.000036734766,0.000036714772,1735410252.0
0.000036734766,0.000036807645,0.000036807645,0.000036734766,1735410253.0
0.000036807645,0.000036828221,0.000036828221,0.000036807645,1735410254.0
0.000036828221,0.000036828221,0.000036828221,0.000036828221,1735410255.0
0.000036828221,0.000036904587,0.000036904587,0.000036828221,1735410256.0
0.000036904587,0.000036904587,0.000036904587,0.000036904587,1735410257.0
0.000036904587,0.000036959595,0.000036959595,0.000036904587,1735410258.0
0.000036959595,0.000037010142,0.000037010142,0.000036959595,1735410259.0
0.000037010142,0.000037030605,0.000037030605,0.000037010142,1735410260.0
0.000037030605,0.000037041521,0.000037041521,0.000037030605,1735410261.0
0.000037041521,0.000037099029,0.000037099029,0.000037041521,1735410262.0
0.000037099029,0.000037339158,0.000037339158,0.000037099029,1735410263.0
0.000037339158,0.000037381173,0.000037381173,0.000037339158,1735410264.0
0.000037381173,0.000037443722,0.000037443722,0.000037381173,1735410265.0
0.000037443722,0.00003753651,0.00003753651,0.000037443722,1735410266.0
0.00003753651,0.000037587907,0.000037587907,0.00003753651,1735410267.0
0.000037587907,0.000037561628,0.000037598471,0.000037550937,1735410268.0
0.000037561628,0.000037593306,0.000037593306,0.000037561628,1735410269.0
0.000037593306,0.000037635189,0.000037635189,0.000037593306,1735410270.0
0.000037635189,0.000037681405,0.000037681405,0.000037635189,1735410271.0
0.000037681405,0.000037716161,0.000037716161,0.000037681405,1735410272.0
0.000037716161,0.000037757239,0.000037757239,0.000037716161,1735410273.0
0.000037757239,0.00003780976,0.00003780976,0.000037757239,1735410274.0
0.00003780976,0.000037830043,0.000037830043,0.00003780976,1735410275.0
0.000037830043,0.000037883738,0.000037883738,0.000037830043,1735410276.0
0.000037883738,0.000037946265,0.000037946265,0.000037883738,1735410277.0
0.000037946265,0.00003796572,0.00003796572,0.000037946265,1735410278.0
0.00003796572,0.000038017968,0.000038017968,0.00003796572,1735410279.0
0.000038017968,0.00003805897,0.00003805897,0.000038017968,1735410280.0
0.00003805897,0.00003809179,0.00003809179,0.00003805897,1735410281.0
0.00003809179,0.00003745016,0.00003809179,0.000037439491,1735410282.0
0.00003745016,0.000037456854,0.000037456854,0.00003745016,1735410283.0
0.000037456854,0.000037509626,0.000037509626,0.000037456854,1735410284.0
0.000037509626,0.00003753036,0.00003753036,0.000037509626,1735410285.0
0.00003753036,0.000037551755,0.000037551755,0.00003753036,1735410286.0
0.000037551755,0.000037551755,0.000037551755,0.000037551755,1735410287.0
0.000037551755,0.000037572559,0.000037572559,0.000037551755,1735410288.0
0.000037572559,0.0000376571,0.0000376571,0.000037572559,1735410289.0
0.0000376571,0.000037697221,0.000037697221,0.0000376571,1735410290.0
0.000037697221,0.000037737407,0.000037737407,0.000037697221,1735410291.0
0.000037737407,0.00003774795,0.00003774795,0.000037737407,1735410292.0
0.00003774795,0.000037779691,0.000037779691,0.00003774795,1735410293.0
0.000037779691,0.000037800387,0.000037800387,0.000037779691,1735410294.0
0.000037800387,0.000037851718,0.000037851718,0.000037800387,1735410295.0
0.000037851718,0.000037851718,0.000037851718,0.000037851718,1735410296.0
0.000037851718,0.000037966339,0.000037966339,0.000037851718,1735410297.0
0.000037966339,0.000037966339,0.000037966339,0.000037966339,1735410298.0
0.000037966339,0.000037966339,0.000037966339,0.000037966339,1735410299.0
0.000037966339,0.000038011006,0.000038011006,0.000037966339,1735410300.0
0.000038011006,0.000037978379,0.000038011006,0.000037978379,1735410301.0
0.000037978379,0.000038134946,0.000038134946,0.000037955485,1735410302.0
0.000038134946,0.000038165013,0.000038165013,0.000038134946,1735410303.0
0.000038165013,0.000038186012,0.000038186012,0.000038165013,1735410304.0
0.000038186012,0.000038251795,0.000038251795,0.000038186012,1735410305.0
0.000038251795,0.00003829558,0.00003829558,0.000038251795,1735410306.0
0.00003829558,0.000038351361,0.000038351361,0.00003829558,1735410307.0
0.000038351361,0.000038381619,0.000038381619,0.000038351361,1735410308.0
0.000038381619,0.000038368864,0.000038403336,0.000038368864,1735410309.0
0.000038368864,0.00003836244,0.000038368864,0.000038318195,1735410310.0
0.00003836244,0.000038393863,0.000038393863,0.00003836244,1735410311.0
0.000038393863,0.000038404586,0.000038404586,0.000038393863,1735410312.0
0.000038404586,0.000038489914,0.000038489914,0.000038404586,1735410313.0
0.000038489914,0.000038500146,0.000038500146,0.000038489914,1735410314.0
0.000038500146,0.000038560662,0.000038560662,0.000038500146,1735410315.0
0.000038560662,0.000038582538,0.000038582538,0.000038560662,1735410316.0
0.000038582538,0.000038670764,0.000038670764,0.000038582538,1735410317.0
0.000038670764,0.000038682035,0.000038682035,0.000038670764,1735410318.0
0.000038682035,0.000038727119,0.000038727119,0.000038682035,1735410319.0
0.000038727119,0.00003877506,0.00003877506,0.000038727119,1735410320.0
0.00003877506,0.000038785757,0.000038785757,0.00003877506,1735410321.0
0.000038785757,0.000038808279,0.000038808279,0.000038785757,1735410322.0
0.000038808279,0.000038905594,0.000038905594,0.000038808279,1735410323.0
0.000038905594,0.000038949897,0.000038949897,0.000038905594,1735410324.0
0.000038949897,0.000039026964,0.000039026964,0.000038949897,1735410325.0
0.000039026964,0.000039049168,0.000039049168,0.000039026964,1735410326.0
0.000039049168,0.000039103395,0.000039103395,0.000039049168,1735410327.0
0.000039103395,0.000039211405,0.000039211405,0.000039103395,1735410328.0
0.000039211405,0.000039244001,0.000039244001,0.000039211405,1735410329.0
0.000039244001,0.000039319898,0.000039319898,0.000039244001,1735410330.0
0.000039319898,0.000039330681,0.000039330681,0.000039319898,1735410331.0
0.000039330681,0.000039372639,0.000039372639,0.000039330681,1735410332.0
0.000039372639,0.000039404673,0.000039404673,0.000039372639,1735410333.0
0.000039404673,0.000039447008,0.000039447008,0.000039404673,1735410334.0
0.000039447008,0.000039458087,0.000039458087,0.000039447008,1735410335.0
0.000039458087,0.000039510663,0.000039510663,0.000039458087,1735410336.0
0.000039510663,0.000039568342,0.000039568342,0.000039510663,1735410337.0
0.000039568342,0.000039666586,0.000039666586,0.000039568342,1735410338.0
0.000039666586,0.000039689092,0.000039689092,0.000039666586,1735410339.0
0.000039689092,0.000039710903,0.000039710903,0.000039689092,1735410340.0
0.000039710903,0.000039710903,0.000039710903,0.000039710903,1735410341.0
0.000039710903,0.000039762396,0.000039762396,0.000039710903,1735410342.0
0.000039762396,0.00003969404,0.000039762396,0.000039682922,1735410343.0
0.00003969404,0.000039794772,0.000039794772,0.00003969404,1735410344.0
0.000039794772,0.000039837521,0.000039837521,0.000039794772,1735410345.0
0.000039837521,0.000039862386,0.000039862386,0.000039837521,1735410346.0
0.000039862386,0.000039904211,0.000039904211,0.000039862386,1735410347.0
0.000039904211,0.000039914578,0.000039914578,0.000039904211,1735410348.0
0.000039914578,0.000039914578,0.000039914578,0.000039914578,1735410349.0
0.000039914578,0.000040168926,0.000040168926,0.000039914578,1735410350.0
0.000040168926,0.000040200919,0.000040200919,0.000040168926,1735410351.0
0.000040200919,0.000040243668,0.000040243668,0.000040200919,1735410352.0
0.000040243668,0.000040254115,0.000040254115,0.000040243668,1735410353.0
0.000040254115,0.000040267025,0.000040267025,0.000040215545,1735410354.0
0.000040267025,0.000040321188,0.000040321188,0.000040267025,1735410355.0
0.000040321188,0.000040369964,0.000040369964,0.000040321188,1735410356.0
0.000040369964,0.000040385169,0.000040385169,0.000040369964,1735410357.0
0.000040385169,0.000040396418,0.000040396418,0.000040385169,1735410358.0
0.000040396418,0.000040396418,0.000040396418,0.000040396418,1735410359.0
0.000040396418,0.000040427729,0.000040427729,0.000040396418,1735410360.0
0.000040427729,0.000040427729,0.000040427729,0.000040427729,1735410361.0
0.000040427729,0.000040451789,0.000040451789,0.000040427729,1735410362.0
0.000040451789,0.000040728673,0.000040728673,0.000040451789,1735410363.0
0.000040728673,0.000040546313,0.000040728673,0.000040514597,1735410364.0
0.000040546313,0.000040622945,0.000040622945,0.000040546313,1735410365.0
0.000040622945,0.000040679274,0.000040679274,0.000040622945,1735410366.0
0.000040679274,0.000040728806,0.000040728806,0.000040679274,1735410367.0
0.000040728806,0.000040728806,0.000040728806,0.000040728806,1735410368.0
0.000040728806,0.000040728806,0.000040728806,0.000040728806,1735410369.0
0.000040728806,0.000040759827,0.000040759827,0.000040728806,1735410370.0
0.000040759827,0.000041051182,0.000041051182,0.000040759827,1735410371.0
0.000041051182,0.000041103286,0.000041103286,0.000041051182,1735410372.0
0.000041103286,0.000041174682,0.000041174682,0.000041103286,1735410373.0
0.000041174682,0.000041229791,0.000041229791,0.000041174682,1735410374.0
0.000041229791,0.000041229791,0.000041229791,0.000041229791,1735410375.0
0.000041229791,0.000041281888,0.000041281888,0.000041229791,1735410376.0
0.000041281888,0.000041314117,0.000041314117,0.000041281888,1735410377.0
0.000041314117,0.000041314117,0.000041314117,0.000041314117,1735410378.0
0.000041314117,0.000041406129,0.000041406129,0.000041306081,1735410379.0
0.000041406129,0.000041516872,0.000041516872,0.000041406129,1735410380.0
0.000041516872,0.000041538556,0.000041538556,0.000041516872,1735410381.0
0.000041538556,0.000041529634,0.000041595215,0.000041529634,1735410382.0
0.000041529634,0.000041529634,0.000041529634,0.000041529634,1735410383.0
0.000041529634,0.000041617032,0.000041617032,0.000041529634,1735410384.0
0.000041617032,0.000041691765,0.000041691765,0.000041617032,1735410385.0
0.000041691765,0.000041758132,0.000041758132,0.000041691765,1735410386.0
0.000041758132,0.000041791477,0.000041791477,0.000041758132,1735410387.0
0.000041791477,0.000041846248,0.000041846248,0.000041791477,1735410388.0
0.000041846248,0.000041924324,0.000041924324,0.000041846248,1735410389.0
0.000041924324,0.000041968849,0.000041968849,0.000041924324,1735410390.0
0.000041968849,0.000041980018,0.000041980018,0.000041968849,1735410391.0
0.000041980018,0.000042082413,0.000042082413,0.000041980018,1735410392.0
0.000042082413,0.000042105042,0.000042105042,0.000042072155,1735410393.0
0.000042105042,0.00004217296,0.00004217296,0.000042105042,1735410394.0
0.00004217296,0.000042184334,0.000042184334,0.00004217296,1735410395.0
0.000042184334,0.000042323821,0.000042323821,0.000042184334,1735410396.0
0.000042323821,0.000042358631,0.000042358631,0.000042323821,1735410397.0
0.000042358631,0.000042358631,0.000042358631,0.000042358631,1735410398.0
0.000042358631,0.000042443723,0.000042443723,0.00004235512,1735410399.0
0.000042443723,0.000042513782,0.000042513782,0.000042443723,1735410400.0
0.000042513782,0.000042560377,0.000042560377,0.000042513782,1735410401.0
0.000042560377,0.000042628796,0.000042628796,0.000042560377,1735410402.0
0.000042628796,0.000042661879,0.000042661879,0.000042628796,1735410403.0
0.000042661879,0.00004273144,0.00004273144,0.000042661879,1735410404.0
0.00004273144,0.000042765,0.000042765,0.00004273144,1735410405.0
0.000042765,0.00004282081,0.00004282081,0.000042765,1735410406.0
0.00004282081,0.00004300132,0.00004300132,0.00004282081,1735410407.0
0.00004300132,0.000043012873,0.000043012873,0.00004300132,1735410408.0
0.000043012873,0.000043096968,0.000043096968,0.000043012873,1735410409.0
0.000043096968,0.000043096968,0.000043096968,0.000043096968,1735410410.0
0.000043096968,0.000043096968,0.000043096968,0.000043096968,1735410411.0
0.000043096968,0.000043211664,0.000043211664,0.000043096968,1735410412.0
0.000043211664,0.000043211664,0.000043211664,0.000043211664,1735410413.0
0.000043211664,0.000043397789,0.000043397789,0.000043211664,1735410414.0
0.000043397789,0.000043429998,0.000043429998,0.000043397789,1735410415.0
0.000043429998,0.000043452143,0.000043452143,0.000043429998,1735410416.0
0.000043452143,0.000043636435,0.000043636435,0.000043452143,1735410417.0
0.000043636435,0.00004369249,0.00004369249,0.000043636435,1735410418.0
0.00004369249,0.000043736919,0.000043736919,0.00004369249,1735410419.0
0.000043736919,0.00004380223,0.00004380223,0.000043736919,1735410420.0
0.00004380223,0.000043823391,0.000043823391,0.00004380223,1735410421.0
0.000043823391,0.000043823391,0.000043823391,0.000043823391,1735410422.0
0.000043823391,0.000043911718,0.000043911718,0.000043823391,1735410423.0
0.000043911718,0.000043913316,0.000043913316,0.000043911718,1735410424.0
0.000043913316,0.000044064392,0.000044064392,0.000043913316,1735410425.0
0.000044064392,0.000044098967,0.000044098967,0.000044064392,1735410426.0
0.000044098967,0.000044170983,0.000044170983,0.000044098967,1735410427.0
0.000044170983,0.000044216583,0.000044216583,0.000044170983,1735410428.0
0.000044216583,0.000044252761,0.000044252761,0.000044216583,1735410429.0
0.000044252761,0.00004432121,0.00004432121,0.000044252761,1735410430.0
0.00004432121,0.000044345383,0.000044345383,0.00004432121,1735410431.0
0.000044345383,0.000044586839,0.000044626566,0.000044345383,1735410432.0
0.000044586839,0.000044598583,0.000044598583,0.000044586839,1735410433.0
0.000044598583,0.000044610333,0.000044610333,0.000044598583,1735410434.0
0.000044610333,0.000044754198,0.000044754198,0.000044610333,1735410435.0
0.000044754198,0.000044788139,0.000044788139,0.000044754198,1735410436.0
0.000044788139,0.000044891387,0.000044891387,0.000044788139,1735410437.0
0.000044891387,0.000044948326,0.000044948326,0.000044891387,1735410438.0
0.000044948326,0.000044948326,0.000044948326,0.000044948326,1735410439.0
0.000044948326,0.000045017765,0.000045017765,0.000044948326,1735410440.0
0.000045017765,0.000045051666,0.000045051666,0.000045017765,1735410441.0
0.000045051666,0.000045155464,0.000045155464,0.000045051666,1735410442.0
0.000045155464,0.000045223956,0.000045223956,0.000045155464,1735410443.0
0.000045223956,0.000045247489,0.000045247489,0.000045223956,1735410444.0
0.000045247489,0.00004531289,0.00004531289,0.000045247489,1735410445.0
0.00004531289,0.000045380858,0.000045380858,0.00004531289,1735410446.0
0.000045380858,0.000045405042,0.000045405042,0.000045380858,1735410447.0
0.000045405042,0.00004546358,0.00004546358,0.000045405042,1735410448.0
0.00004546358,0.000045486037,0.000045486037,0.00004546358,1735410449.0
0.000045486037,0.000045486037,0.000045486037,0.000045486037,1735410450.0
0.000045486037,0.000045486037,0.000045486037,0.000045486037,1735410451.0
0.000045486037,0.000045486037,0.000045486037,0.000045486037,1735410452.0
0.000045486037,0.000045486037,0.000045486037,0.000045486037,1735410453.0
0.000045486037,0.000045574095,0.000045574095,0.000045486037,1735410454.0
0.000045574095,0.00004570829,0.00004570829,0.000045574095,1735410455.0
0.00004570829,0.00004570829,0.00004570829,0.00004570829,1735410456.0
0.00004570829,0.000045560703,0.00004570829,0.000045560703,1735410457.0
0.000045560703,0.000045644235,0.000045644235,0.000045438723,1735410458.0
0.000045644235,0.000045794131,0.000045794131,0.000045644235,1735410459.0
0.000045794131,0.000045850986,0.000045850986,0.000045794131,1735410460.0
0.000045850986,0.000045899142,0.000045899142,0.000045850986,1735410461.0
0.000045899142,0.000045969233,0.000045969233,0.000045899142,1735410462.0
0.000045969233,0.000046003981,0.000046003981,0.000045969233,1735410463.0
0.000046003981,0.000046028417,0.000046028417,0.000046003981,1735410464.0
0.000046028417,0.000046028417,0.000046028417,0.000046028417,1735410465.0
0.000046028417,0.000046183341,0.000046183341,0.000046028417,1735410466.0
0.000046183341,0.000046264085,0.000046264085,0.000046183341,1735410467.0
0.000046264085,0.000046320464,0.000046320464,0.000046264085,1735410468.0
0.000046320464,0.000046366341,0.000046366341,0.000046320464,1735410469.0
0.000046366341,0.000046366341,0.000046366341,0.000046366341,1735410470.0
0.000046366341,0.00004643496,0.00004643496,0.000046366341,1735410471.0
0.00004643496,0.000046553178,0.000046553178,0.00004643496,1735410472.0
0.000046553178,0.000046587451,0.000046587451,0.000046553178,1735410473.0
0.000046587451,0.000046671678,0.000046671678,0.000046587451,1735410474.0
0.000046671678,0.000046756867,0.000046756867,0.000046671678,1735410475.0
0.000046756867,0.000046779816,0.000046779816,0.000046756867,1735410476.0
0.000046779816,0.000046779816,0.000046779816,0.000046779816,1735410477.0
0.000046779816,0.000046884805,0.000046884805,0.000046779816,1735410478.0
0.000046884805,0.000046928962,0.000046928962,0.000046884805,1735410479.0
0.000046928962,0.000047001183,0.000047001183,0.000046928962,1735410480.0
0.000047001183,0.000047073346,0.000047073346,0.000047001183,1735410481.0
0.000047073346,0.000047097091,0.000047097091,0.000047073346,1735410482.0
0.000047097091,0.000047133463,0.000047133463,0.000047097091,1735410483.0
0.000047133463,0.000047227654,0.000047227654,0.000047133463,1735410484.0
0.000047227654,0.00004729738,0.00004729738,0.000047227654,1735410485.0
0.00004729738,0.000047321571,0.000047321571,0.00004729738,1735410486.0
0.000047321571,0.000047321571,0.000047321571,0.000047321571,1735410487.0
0.000047321571,0.000047430314,0.000047430314,0.000047321571,1735410488.0
0.000047430314,0.000047478022,0.000047478022,0.000047430314,1735410489.0
0.000047478022,0.000047562052,0.000047562052,0.000047478022,1735410490.0
0.000047562052,0.000047633209,0.000047633209,0.000047562052,1735410491.0
0.000047633209,0.000047644846,0.000047644846,0.000047633209,1735410492.0
0.000047644846,0.000047715411,0.000047715411,0.000047644846,1735410493.0
0.000047715411,0.000047750091,0.000047750091,0.000047715411,1735410494.0
0.000047750091,0.000047866859,0.000047866859,0.000047750091,1735410495.0
0.000047866859,0.000047900923,0.000047900923,0.000047866859,1735410496.0
0.000047900923,0.000048512356,0.000048512356,0.000047900923,1735410497.0
0.000048512356,0.000048536471,0.000048536471,0.000048512356,1735410498.0
0.000048536471,0.000048596478,0.000048596478,0.000048536471,1735410499.0
0.000048596478,0.000048596478,0.000048596478,0.000048596478,1735410500.0
0.000048596478,0.000048633724,0.000048633724,0.000048596478,1735410501.0
0.000048633724,0.000048776821,0.000048776821,0.000048633724,1735410502.0
0.000048776821,0.000048824355,0.000048824355,0.000048776821,1735410503.0
0.000048824355,0.0000488487,0.0000488487,0.000048824355,1735410504.0
0.0000488487,0.000048939792,0.000048939792,0.0000488487,1735410505.0
0.000048939792,0.000048974708,0.000048974708,0.000048939792,1735410506.0
0.000048974708,0.000048996911,0.000048996911,0.000048974708,1735410507.0
0.000048996911,0.000048996911,0.000048996911,0.000048996911,1735410508.0
0.000048996911,0.000049152515,0.000049152515,0.000048996911,1735410509.0
0.000049152515,0.000049224099,0.000049224099,0.000049152515,1735410510.0
0.000049224099,0.000049249744,0.000049249744,0.000049224099,1735410511.0
0.000049249744,0.000049273711,0.000049273711,0.000049249744,1735410512.0
0.000049273711,0.00004936082,0.00004936082,0.000049273711,1735410513.0
0.00004936082,0.000049434032,0.000049434032,0.00004936082,1735410514.0
0.000049434032,0.000049481408,0.000049481408,0.000049434032,1735410515.0
0.000049481408,0.000049558279,0.000049558279,0.000049481408,1735410516.0
0.000049558279,0.000049635247,0.000049635247,0.000049558279,1735410517.0
0.000049635247,0.000049683709,0.000049683709,0.000049635247,1735410518.0
0.000049683709,0.000049683709,0.000049683709,0.000049683709,1735410519.0
0.000049683709,0.000049683709,0.000049683709,0.000049683709,1735410520.0
0.000049683709,0.000049783725,0.000049783725,0.000049683709,1735410521.0
0.000049783725,0.000049916336,0.000049916336,0.000049783725,1735410522.0
0.000049916336,0.000049950373,0.000049950373,0.000049916336,1735410523.0
0.000049950373,0.000050026476,0.000050026476,0.000049950373,1735410524.0
0.000050026476,0.00005011261,0.00005011261,0.000050026476,1735410525.0
0.00005011261,0.000050185579,0.000050185579,0.00005011261,1735410526.0
0.000050185579,0.000050261604,0.000050261604,0.000050185579,1735410527.0
0.000050261604,0.000050354252,0.000050354252,0.000050261604,1735410528.0
0.000050354252,0.000050390956,0.000050390956,0.000050354252,1735410529.0
0.000050390956,0.000050440966,0.000050440966,0.000050390956,1735410530.0
0.000050440966,0.000050453314,0.000050453314,0.000050440966,1735410531.0
0.000050453314,0.000050574676,0.000050574676,0.000050453314,1735410532.0
0.000050574676,0.000050658739,0.000050658739,0.000050574676,1735410533.0
0.000050658739,0.000050683006,0.000050683006,0.000050658739,1735410534.0
0.000050683006,0.000050614331,0.00005072137,0.000050602156,1735410535.0
0.000050614331,0.000050676167,0.000050676167,0.000050614331,1735410536.0
0.000050676167,0.00005068837,0.00005068837,0.000050676167,1735410537.0
0.00005068837,0.00005068837,0.00005068837,0.00005068837,1735410538.0
0.00005068837,0.000050698083,0.000050698083,0.000050686988,1735410539.0
0.000050698083,0.000050757635,0.000050757635,0.000050698083,1735410540.0
0.000050757635,0.000050769533,0.000050769533,0.000050757635,1735410541.0
0.000050769533,0.000050900825,0.000050900825,0.000050769533,1735410542.0
0.000050900825,0.00005098051,0.00005098051,0.000050900825,1735410543.0
0.00005098051,0.000051026922,0.000051026922,0.00005098051,1735410544.0
0.000051026922,0.000051099318,0.000051099318,0.000051026922,1735410545.0
0.000051099318,0.000051146833,0.000051146833,0.000051099318,1735410546.0
0.000051146833,0.000051184579,0.000051184579,0.000051146833,1735410547.0
0.000051184579,0.000051223663,0.000051223663,0.000051184579,1735410548.0
0.000051223663,0.000051309633,0.000051309633,0.000051223663,1735410549.0
0.000051309633,0.000051346412,0.000051346412,0.000051309633,1735410550.0
0.000051346412,0.000051382726,0.000051382726,0.000051346412,1735410551.0
0.000051382726,0.000051382726,0.000051382726,0.000051382726,1735410552.0
0.000051382726,0.000051382726,0.000051382726,0.000051382726,1735410553.0
0.000051382726,0.000051382726,0.000051382726,0.000051382726,1735410554.0
0.000051382726,0.000051444526,0.000051444526,0.000051382726,1735410555.0
0.000051444526,0.000051529496,0.000051529496,0.000051444526,1735410556.0
0.000051529496,0.000051689093,0.000051689093,0.000051529496,1735410557.0
0.000051689093,0.000051811837,0.000051811837,0.000051689093,1735410558.0
0.000051811837,0.000051871523,0.000051871523,0.000051811837,1735410559.0
0.000051871523,0.000051969195,0.000051969195,0.000051871523,1735410560.0
0.000051969195,0.000051995553,0.000051995553,0.000051969195,1735410561.0
0.000051995553,0.000052032648,0.000052032648,0.000051995553,1735410562.0
0.000052032648,0.000052057404,0.000052057404,0.000052032648,1735410563.0
0.000052057404,0.000052209635,0.000052209635,0.000052057404,1735410564.0
0.000052209635,0.000052308142,0.000052308142,0.000052209635,1735410565.0
0.000052308142,0.000052332276,0.000052332276,0.000052308142,1735410566.0
0.000052332276,0.00005240228,0.00005240228,0.000052332276,1735410567.0
0.00005240228,0.000052477541,0.000052477541,0.00005240228,1735410568.0
0.000052477541,0.000052537718,0.000052537718,0.000052477541,1735410569.0
0.000052537718,0.000052609376,0.000052609376,0.000052537718,1735410570.0
0.000052609376,0.000052621287,0.000052621287,0.000052609376,1735410571.0
0.000052621287,0.000052694647,0.000052694647,0.000052621287,1735410572.0
0.000052694647,0.000052748196,0.000052748196,0.000052694647,1735410573.0
0.000052748196,0.000052796208,0.000052796208,0.000052748196,1735410574.0
0.000052796208,0.000052862844,0.000052862844,0.000052796208,1735410575.0
0.000052862844,0.000052949723,0.000052949723,0.000052862844,1735410576.0
0.000052949723,0.000052998749,0.000052998749,0.000052949723,1735410577.0
0.000052998749,0.000053046693,0.000053046693,0.000052998749,1735410578.0
0.000053046693,0.000053120526,0.000053120526,0.000053046693,1735410579.0
0.000053120526,0.000053198107,0.000053198107,0.000053120526,1735410580.0
0.000053198107,0.000053236939,0.000053236939,0.000053198107,1735410581.0
0.000053236939,0.000053236939,0.000053236939,0.000053236939,1735410582.0
0.000053236939,0.000053274438,0.000053274438,0.000053236939,1735410583.0
0.000053274438,0.000053435571,0.000053435571,0.000053274438,1735410584.0
0.000053435571,0.000053488625,0.000053488625,0.000053435571,1735410585.0
0.000053488625,0.000053539463,0.000053539463,0.000053488625,1735410586.0
0.000053539463,0.000053539463,0.000053539463,0.000053539463,1735410587.0
0.000053539463,0.000053539463,0.000053539463,0.000053539463,1735410588.0
0.000053539463,0.000053039468,0.000053539463,0.00005285551,1735410589.0
0.000053039468,0.000053087354,0.000053087354,0.000053039468,1735410590.0
0.000053087354,0.000053122787,0.000053122787,0.00005308565,1735410591.0
0.000053122787,0.000053171501,0.000053171501,0.000053122787,1735410592.0
0.000053171501,0.000053273289,0.000053273289,0.000053171501,1735410593.0
0.000053273289,0.000053435759,0.000053435759,0.000053273289,1735410594.0
0.000053435759,0.000053435759,0.000053435759,0.000053435759,1735410595.0
0.000053435759,0.000053435759,0.000053435759,0.000053435759,1735410596.0
0.000053435759,0.000053547453,0.000053547453,0.000053435759,1735410597.0
0.000053547453,0.000053658308,0.000053658308,0.000053547453,1735410598.0
0.000053658308,0.000053769978,0.000053769978,0.000053658308,1735410599.0
0.000053769978,0.00005380644,0.00005380644,0.000053769978,1735410600.0
0.00005380644,0.000053841787,0.000053841787,0.00005380644,1735410601.0
0.000053841787,0.000053891118,0.000053891118,0.000053841787,1735410602.0
0.000053891118,0.000053964693,0.000053964693,0.000053891118,1735410603.0
0.000053964693,0.000054015243,0.000054015243,0.000053964693,1735410604.0
0.000054015243,0.000054064786,0.000054064786,0.000054015243,1735410605.0
0.000054064786,0.000054160721,0.000054160721,0.000054064786,1735410606.0
0.000054160721,0.000054248487,0.000054248487,0.000054160721,1735410607.0
0.000054248487,0.000054310433,0.000054310433,0.000054248487,1735410608.0
0.000054310433,0.000054335122,0.000054335122,0.000054310433,1735410609.0
0.000054335122,0.000054738603,0.000054738603,0.000054335122,1735410610.0
0.000054738603,0.000054771643,0.000054771643,0.000054738603,1735410611.0
0.000054771643,0.000054783257,0.000054783257,0.000054771643,1735410612.0
0.000054783257,0.000054900714,0.000054900714,0.000054783257,1735410613.0
0.000054900714,0.000055013676,0.000055013676,0.000054900714,1735410614.0
0.000055013676,0.000055064777,0.000055064777,0.000055013676,1735410615.0
0.000055064777,0.00005514111,0.00005514111,0.000055064777,1735410616.0
0.00005514111,0.000055152834,0.000055152834,0.00005514111,1735410617.0
0.000055152834,0.000055242224,0.000055242224,0.000055152834,1735410618.0
0.000055242224,0.000055307683,0.000055307683,0.000055242224,1735410619.0
0.000055307683,0.000055345106,0.000055345106,0.000055307683,1735410620.0
0.000055345106,0.000055421172,0.000055421172,0.000055345106,1735410621.0
0.000055421172,0.000055460533,0.000055460533,0.000055421172,1735410622.0
0.000055460533,0.000055542097,0.000055542097,0.000055460533,1735410623.0
0.000055542097,0.000055640124,0.000055640124,0.000055542097,1735410624.0
0.000055640124,0.000055665835,0.000055665835,0.000055640124,1735410625.0
0.000055665835,0.000055665835,0.000055665835,0.000055665835,1735410626.0
0.000055665835,0.000055757874,0.000055757874,0.000055665835,1735410627.0
0.000055757874,0.000055863308,0.000055863308,0.000055757874,1735410628.0
0.000055863308,0.000055641643,0.000055863308,0.000055578034,1735410629.0
0.000055641643,0.000055654343,0.000055654343,0.000055641643,1735410630.0
0.000055654343,0.000055708671,0.000055708671,0.000055654343,1735410631.0
0.000055708671,0.000055819732,0.000055819732,0.000055708671,1735410632.0
0.000055819732,0.000055832537,0.000055832537,0.000055819732,1735410633.0
0.000055832537,0.000055775181,0.000055870697,0.000055724993,1735410634.0
0.000055775181,0.000055836913,0.000055836913,0.000055775181,1735410635.0
0.000055836913,0.000055874717,0.000055874717,0.000055836913,1735410636.0
0.000055874717,0.000055874717,0.000055874717,0.000055874717,1735410637.0
0.000055874717,0.000055996619,0.000055996619,0.000055874717,1735410638.0
0.000055996619,0.000056134007,0.000056134007,0.000055996619,1735410639.0
0.000056134007,0.000056390817,0.000056390817,0.000056134007,1735410640.0
0.000056390817,0.000056441318,0.000056441318,0.000056390817,1735410641.0
0.000056441318,0.000056523114,0.000056523114,0.000056441318,1735410642.0
0.000056523114,0.000056587866,0.000056587866,0.000056523114,1735410643.0
0.000056587866,0.000056654172,0.000056654172,0.000056587866,1735410644.0
0.000056654172,0.000056693501,0.000056693501,0.000056654172,1735410645.0
0.000056693501,0.000056693501,0.000056693501,0.000056693501,1735410646.0
0.000056693501,0.000056693501,0.000056693501,0.000056693501,1735410647.0
0.000056693501,0.000056693501,0.000056693501,0.000056693501,1735410648.0
0.000056693501,0.000056693501,0.000056693501,0.000056693501,1735410649.0
0.000056693501,0.000056883998,0.000056883998,0.000056691457,1735410650.0
0.000056883998,0.000057092359,0.000057092359,0.000056883998,1735410651.0
0.000057092359,0.000057119324,0.000057119324,0.000057092359,1735410652.0
0.000057119324,0.000057087466,0.000057119324,0.000057005443,1735410653.0
0.000057087466,0.000057155467,0.000057155467,0.000057087466,1735410654.0
0.000057155467,0.000056974428,0.000057168084,0.000056974428,1735410655.0
0.000056974428,0.000057146394,0.000057146394,0.000056974428,1735410656.0
0.000057146394,0.00005718391,0.00005718391,0.000057146394,1735410657.0
0.00005718391,0.000057259797,0.000057259797,0.00005718391,1735410658.0
0.000057259797,0.000057286169,0.000057286169,0.000057259797,1735410659.0
0.000057286169,0.000057340511,0.000057340511,0.000057286169,1735410660.0
0.000057340511,0.000057365845,0.000057365845,0.000057340511,1735410661.0
0.000057365845,0.000057499604,0.000057499604,0.000057365845,1735410662.0
0.000057499604,0.00005756807,0.00005756807,0.000057499604,1735410663.0
0.00005756807,0.000057664317,0.000057664317,0.00005756807,1735410664.0
0.000057664317,0.00005772751,0.00005772751,0.000057664317,1735410665.0
0.00005772751,0.000057764519,0.000057764519,0.00005772751,1735410666.0
0.000057764519,0.000057802544,0.000057802544,0.000057764519,1735410667.0
0.000057802544,0.000057872466,0.000057872466,0.000057802544,1735410668.0
0.000057872466,0.000057951605,0.000057951605,0.000057872466,1735410669.0
0.000057951605,0.000058018049,0.000058018049,0.000057951605,1735410670.0
0.000058018049,0.000058082885,0.000058082885,0.000058018049,1735410671.0
0.000058082885,0.000058096472,0.000058096472,0.000058082885,1735410672.0
0.000058096472,0.000058192638,0.000058192638,0.000058096472,1735410673.0
0.000058192638,0.000058298539,0.000058298539,0.000058192638,1735410674.0
0.000058298539,0.000058351057,0.000058351057,0.000058298539,1735410675.0
0.000058351057,0.000058390545,0.000058390545,0.000058351057,1735410676.0
0.000058390545,0.000058458366,0.000058458366,0.000058390545,1735410677.0
0.000058458366,0.000058512553,0.000058512553,0.000058458366,1735410678.0
0.000058512553,0.000058588604,0.000058588604,0.000058512553,1735410679.0
0.000058588604,0.000058615262,0.000058615262,0.000058588604,1735410680.0
0.000058615262,0.000058706497,0.000058706497,0.000058615262,1735410681.0
0.000058706497,0.000058706497,0.000058706497,0.000058706497,1735410682.0
0.000058706497,0.000058773703,0.000058773703,0.000058706497,1735410683.0
0.000058773703,0.000059985315,0.000059985315,0.000058773703,1735410684.0
0.000059985315,0.000059999257,0.000059999257,0.000059985315,1735410685.0
0.000059999257,0.000059999257,0.000059999257,0.000059999257,1735410686.0
0.000059999257,0.000060120703,0.000060120703,0.000059999257,1735410687.0
0.000060120703,0.000060185952,0.000060185952,0.000060120703,1735410688.0
0.000060185952,0.000060292096,0.000060292096,0.000060185952,1735410689.0
0.000060292096,0.000061562828,0.000061562828,0.000060292096,1735410690.0
0.000061562828,0.000061600521,0.000061604915,0.000061562828,1735410691.0
0.000061600521,0.000061652755,0.000061652755,0.000061596141,1735410692.0
0.000061652755,0.000061724268,0.000061724268,0.000061652755,1735410693.0
0.000061724268,0.000061715788,0.000061724268,0.000061636666,1735410694.0
0.000061715788,0.000061771153,0.000061771153,0.000061715788,1735410695.0
0.000061771153,0.000061837563,0.000061837563,0.000061771153,1735410696.0
0.000061837563,0.000061879403,0.000061879403,0.000061837563,1735410697.0
0.000061879403,0.00006198681,0.00006198681,0.000061879403,1735410698.0
0.00006198681,0.000062000308,0.000062000308,0.00006198681,1735410699.0
0.000062000308,0.000062000308,0.000062000308,0.000062000308,1735410700.0
0.000062000308,0.000062000308,0.000062000308,0.000062000308,1735410701.0
0.000062000308,0.00006212002,0.00006212002,0.000062000308,1735410702.0
0.00006212002,0.00006212002,0.00006212002,0.00006212002,1735410703.0
0.00006212002,0.00006232694,0.00006232694,0.00006212002,1735410704.0
0.00006232694,0.00006232694,0.00006232694,0.00006232694,1735410705.0
0.00006232694,0.00006232694,0.00006232694,0.00006232694,1735410706.0
0.00006232694,0.000062406938,0.000062406938,0.00006232694,1735410707.0
0.000062406938,0.000062559057,0.000062559057,0.000062406938,1735410708.0
0.000062559057,0.00006265231,0.00006265231,0.000062559057,1735410709.0
0.00006265231,0.000062693207,0.000062693207,0.00006265231,1735410710.0
0.000062693207,0.000062786951,0.000062786951,0.000062693207,1735410711.0
0.000062786951,0.000062841144,0.000062841144,0.000062786951,1735410712.0
0.000062841144,0.000062941186,0.000062941186,0.000062841144,1735410713.0
0.000062941186,0.000062951151,0.000062951151,0.000062922447,1735410714.0
0.000062951151,0.00006299342,0.00006299342,0.000062951151,1735410715.0
0.00006299342,0.000063074561,0.000063074561,0.00006299342,1735410716.0
0.000063074561,0.000063101849,0.000063101849,0.000063074561,1735410717.0
0.000063101849,0.000063154251,0.000063154251,0.000063101849,1735410718.0
0.000063154251,0.000063154251,0.000063154251,0.000063154251,1735410719.0
0.000063154251,0.000063305936,0.000063305936,0.000063154251,1735410720.0
0.000063305936,0.000063348219,0.000063348219,0.000063305936,1735410721.0
0.000063348219,0.000063348219,0.000063348219,0.000063348219,1735410722.0
0.000063348219,0.000063348219,0.000063348219,0.000063348219,1735410723.0
0.000063348219,0.000063485918,0.000063485918,0.000063348219,1735410724.0
0.000063485918,0.000063612863,0.000063612863,0.000063485918,1735410725.0
0.000063612863,0.000063683192,0.000063683192,0.000063612863,1735410726.0
0.000063683192,0.000063722814,0.000063722814,0.000063683192,1735410727.0
0.000063722814,0.000063763937,0.000063763937,0.000063722814,1735410728.0
0.000063763937,0.000063858774,0.000063858774,0.000063763937,1735410729.0
0.000063858774,0.000063897241,0.000063897241,0.000063858774,1735410730.0
0.000063897241,0.000064086042,0.000064086042,0.000063897241,1735410731.0
0.000064086042,0.000064201,0.000064201,0.000064086042,1735410732.0
0.000064201,0.000064272002,0.000064272002,0.000064201,1735410733.0
0.000064272002,0.000064298369,0.000064298369,0.000064272002,1735410734.0
0.000064298369,0.000064385287,0.000064385287,0.000064298369,1735410735.0
0.000064385287,0.000064454056,0.000064454056,0.000064385287,1735410736.0
0.000064454056,0.000064520425,0.000064520425,0.000064454056,1735410737.0
0.000064520425,0.000064563695,0.000064563695,0.000064520425,1735410738.0
0.000064563695,0.0000646362,0.0000646362,0.000064563695,1735410739.0
0.0000646362,0.000064718721,0.000064718721,0.0000646362,1735410740.0
0.000064718721,0.000064815954,0.000064815954,0.000064718721,1735410741.0
0.000064815954,0.000064843794,0.000064843794,0.000064815954,1735410742.0
0.000064843794,0.000065044897,0.000065044897,0.000064843794,1735410743.0
0.000065044897,0.000065044897,0.000065044897,0.000065044897,1735410744.0
0.000065044897,0.000065345245,0.000065345245,0.000065044897,1735410745.0
0.000065345245,0.000065429969,0.000065429969,0.000065345245,1735410746.0
0.000065429969,0.000065515804,0.000065515804,0.000065429969,1735410747.0
0.000065515804,0.000065584409,0.000065584409,0.000065515804,1735410748.0
0.000065584409,0.000065597737,0.000065597737,0.000065584409,1735410749.0
0.000065597737,0.000065601132,0.000065611768,0.000065561471,1735410750.0
0.000065601132,0.000065670842,0.000065670842,0.000065601132,1735410751.0
0.000065670842,0.000065713771,0.000065713771,0.000065670842,1735410752.0
0.000065713771,0.000065809428,0.000065809428,0.000065713771,1735410753.0
0.000065809428,0.00006583824,0.00006583824,0.000065809428,1735410754.0
0.00006583824,0.000065948697,0.000065948697,0.00006583824,1735410755.0
0.000065948697,0.000065993513,0.000065993513,0.000065948697,1735410756.0
0.000065993513,0.00006600695,0.00006600695,0.000065993513,1735410757.0
0.00006600695,0.000066106013,0.000066106013,0.00006600695,1735410758.0
0.000066106013,0.000066119737,0.000066119737,0.000066106013,1735410759.0
0.000066119737,0.000066226956,0.000066226956,0.000066119737,1735410760.0
0.000066226956,0.000066226956,0.000066226956,0.000066226956,1735410761.0
0.000066226956,0.000067056217,0.000067056217,0.000066226956,1735410762.0
0.000067056217,0.000067324225,0.000067324225,0.000067056217,1735410763.0
0.000067324225,0.000067825946,0.000067825946,0.000067324225,1735410764.0
0.000067825946,0.000048333147,0.000067833575,0.000048333147,1735410765.0
0.000048333147,0.000048333147,0.000048333147,0.000048333147,1735410766.0
0.000048333147,0.000044070993,0.000048333147,0.000044070993,1735410767.0
0.000044070993,0.00003987527,0.000044070993,0.00003987527,1735410768.0
0.00003987527,0.000039271731,0.00003987527,0.000039271731,1735410769.0
0.000039271731,0.00002627335,0.000039271731,0.00002627335,1735410770.0
0.00002627335,0.000024623302,0.00002627335,0.000024623302,1735410771.0
0.000024623302,0.000024623302,0.000024623302,0.000024623302,1735410772.0
0.000024623302,0.000023085471,0.000024623302,0.000023085471,1735410773.0
0.000023085471,0.000021255764,0.000023085471,0.000021255764,1735410774.0
0.000021255764,0.000019767109,0.000021255764,0.000019767109,1735410775.0
0.000019767109,0.000016584733,0.000019767109,0.000016584733,1735410776.0
0.000016584733,0.000014223465,0.000016584733,0.000014223465,1735410777.0
0.000014223465,0.000013584167,0.000014223465,0.000013584167,1735410778.0
0.000013584167,0.000013319812,0.000013584167,0.000013319812,1735410779.0
0.000013319812,0.000012930619,0.000013319812,0.000012930619,1735410780.0
0.000012930619,0.000012766481,0.000012930619,0.000012766481,1735410781.0
0.000012766481,0.000012013143,0.000012766481,0.000012013143,1735410782.0
0.000012013143,0.000011774423,0.000012013143,0.000011774423,1735410783.0
0.000011774423,0.000011557049,0.000011774423,0.000011557049,1735410784.0
0.000011557049,0.000011557049,0.000011557049,0.000011557049,1735410785.0
0.000011557049,0.000010627694,0.000011557049,0.000010627694,1735410786.0
0.000010627694,0.000010467506,0.000010627694,0.000010467506,1735410787.0
0.000010467506,0.00001005651,0.000010467506,0.00001005651,1735410788.0
0.00001005651,0.0000096252866,0.00001005651,0.0000096252866,1735410789.0
0.0000096252866,0.0000091438655,0.0000096252866,0.0000091438655,1735410790.0
0.0000091438655,0.0000089840837,0.0000091438655,0.0000089840837,1735410791.0
0.0000089840837,0.0000088174845,0.0000089840837,0.0000088174845,1735410792.0
0.0000088174845,0.0000086382204,0.0000088174845,0.0000086382204,1735410793.0
0.0000086382204,0.0000083848647,0.0000086382204,0.0000083848647,1735410794.0
0.0000083848647,0.0000082611033,0.0000083848647,0.0000082611033,1735410795.0
0.0000082611033,0.000008247566,0.0000082611033,0.000008247566,1735410796.0
0.000008247566,0.0000081197524,0.000008247566,0.0000081197524,1735410797.0
0.0000081197524,0.0000079064623,0.0000081197524,0.0000079064623,1735410798.0
0.0000079064623,0.0000077237074,0.0000079064623,0.0000077237074,1735410799.0
0.0000077237074,0.0000075914115,0.0000077237074,0.0000075914115,1735410800.0
0.0000075914115,0.0000075914115,0.0000075914115,0.0000075914115,1735410801.0
0.0000075914115,0.0000075325897,0.0000075914115,0.0000075325897,1735410802.0
0.0000075325897,0.0000075062239,0.0000075325897,0.0000075062239,1735410803.0
0.0000075062239,0.0000074599334,0.0000075062239,0.0000074599334,1735410804.0
0.0000074599334,0.0000073924187,0.0000074599334,0.0000073924187,1735410805.0
0.0000073924187,0.000007383586,0.0000073924187,0.000007383586,1735410806.0
0.000007383586,0.000007383586,0.000007383586,0.000007383586,1735410807.0
0.000007383586,0.0000072245354,0.000007383586,0.0000072245354,1735410808.0
0.0000072245354,0.0000070353037,0.0000072245354,0.0000070353037,1735410809.0
0.0000070353037,0.0000070067534,0.0000070353037,0.0000070067534,1735410810.0
0.0000070067534,0.0000067910806,0.0000070067534,0.0000067910806,1735410811.0
0.0000067910806,0.0000067631438,0.0000067910806,0.0000067631438,1735410812.0
0.0000067631438,0.0000067631438,0.0000067631438,0.0000067631438,1735410813.0
0.0000067631438,0.0000067235568,0.0000067631438,0.0000067235568,1735410814.0
0.0000067235568,0.0000067235568,0.0000067235568,0.0000067235568,1735410815.0
0.0000067235568,0.0000066532739,0.0000067235568,0.0000066532739,1735410816.0
0.0000066532739,0.0000066532739,0.0000066532739,0.0000066532739,1735410817.0
0.0000066532739,0.0000064510629,0.0000066532739,0.0000064510629,1735410818.0
0.0000064510629,0.0000064154713,0.0000064510629,0.0000064154713,1735410819.0
0.0000064154713,0.0000064055101,0.0000064154713,0.0000064055101,1735410820.0
0.0000064055101,0.0000064055101,0.0000064055101,0.0000064055101,1735410821.0
0.0000064055101,0.0000063789192,0.0000064055101,0.0000063789192,1735410822.0
0.0000063789192,0.0000063789192,0.0000063789192,0.0000063789192,1735410823.0
0.0000063789192,0.0000063687089,0.0000063789192,0.0000063687089,1735410824.0
0.0000063687089,0.0000063687089,0.0000063687089,0.0000063687089,1735410825.0
0.0000063687089,0.0000063439453,0.0000063687089,0.0000063439453,1735410826.0
0.0000063439453,0.0000063246542,0.0000063439453,0.0000063246542,1735410827.0
0.0000063246542,0.0000063246542,0.0000063246542,0.0000063246542,1735410828.0
0.0000063246542,0.0000063246542,0.0000063246542,0.0000063246542,1735410829.0
0.0000063246542,0.0000063246542,0.0000063246542,0.0000063246542,1735410830.0
0.0000063246542,0.0000063246542,0.0000063246542,0.0000063246542,1735410831.0
0.0000063246542,0.0000063246542,0.0000063246542,0.0000063246542,1735410832.0
0.0000063246542,0.000006319765,0.0000063246542,0.000006319765,1735410833.0
0.000006319765,0.0000063147774,0.000006319765,0.0000063147774,1735410834.0
0.0000063147774,0.0000063002061,0.0000063147774,0.0000063002061,1735410835.0
0.0000063002061,0.0000062955168,0.0000063002061,0.0000062955168,1735410836.0
0.0000062955168,0.0000062955168,0.0000062955168,0.0000062955168,1735410837.0
0.0000062955168,0.0000062874956,0.0000062955168,0.0000062874956,1735410838.0
0.0000062874956,0.0000062874956,0.0000062874956,0.0000062874956,1735410839.0
0.0000062874956,0.0000062874956,0.0000062874956,0.0000062874956,1735410840.0
0.0000062874956,0.0000062715389,0.0000062874956,0.0000062715389,1735410841.0
0.0000062715389,0.0000062715389,0.0000062715389,0.0000062715389,1735410842.0
0.0000062715389,0.0000062715389,0.0000062715389,0.0000062715389,1735410843.0
0.0000062715389,0.0000062715389,0.0000062715389,0.0000062715389,1735410844.0
0.0000062715389,0.0000062715389,0.0000062715389,0.0000062715389,1735410845.0
0.0000062715389,0.0000062715389,0.0000062715389,0.0000062715389,1735410846.0
0.0000062715389,0.0000062416512,0.0000062715389,0.0000062416512,1735410847.0
0.0000062416512,0.0000062351743,0.0000062416512,0.0000062351743,1735410848.0
0.0000062351743,0.0000062351743,0.0000062351743,0.0000062351743,1735410849.0
0.0000062351743,0.00000620963,0.0000062351743,0.00000620963,1735410850.0
0.00000620963,0.00000620963,0.00000620963,0.00000620963,1735410851.0
0.00000620963,0.00000620963,0.00000620963,0.00000620963,1735410852.0
0.00000620963,0.00000620963,0.00000620963,0.00000620963,1735410853.0
0.00000620963,0.00000620963,0.00000620963,0.00000620963,1735410854.0
0.00000620963,0.0000061628715,0.00000620963,0.0000061628715,1735410855.0
0.0000061628715,0.0000061628715,0.0000061628715,0.0000061628715,1735410856.0
0.0000061628715,0.0000061628715,0.0000061628715,0.0000061628715,1735410857.0
0.0000061628715,0.0000061628715,0.0000061628715,0.0000061628715,1735410858.0
0.0000061628715,0.0000061119377,0.0000061628715,0.0000061119377,1735410859.0
0.0000061119377,0.0000061119377,0.0000061119377,0.0000061119377,1735410860.0
0.0000061119377,0.0000061114379,0.0000061119377,0.0000061114379,1735410861.0
0.0000061114379,0.0000061118379,0.0000061118379,0.0000061094001,1735410862.0
0.0000061118379,0.0000061118379,0.0000061118379,0.0000061118379,1735410863.0
0.0000061118379,0.0000061102992,0.0000061118379,0.0000061102992,1735410864.0
0.0000061102992,0.0000060729371,0.0000061102992,0.0000060729371,1735410865.0
0.0000060729371,0.0000060729371,0.0000060729371,0.0000060729371,1735410866.0
0.0000060729371,0.0000060729371,0.0000060729371,0.0000060729371,1735410867.0
0.0000060729371,0.0000060729371,0.0000060729371,0.0000060729371,1735410868.0
0.0000060729371,0.0000060729371,0.0000060729371,0.0000060729371,1735410869.0
0.0000060729371,0.0000060632209,0.0000060729371,0.0000060632209,1735410870.0
0.0000060632209,0.0000060548238,0.0000060632209,0.0000060548238,1735410871.0
0.0000060548238,0.0000060476608,0.0000060548238,0.0000060476608,1735410872.0
0.0000060476608,0.0000060476608,0.0000060476608,0.0000060476608,1735410873.0
0.0000060476608,0.0000060476608,0.0000060476608,0.0000060476608,1735410874.0
0.0000060476608,0.0000059578518,0.0000060476608,0.0000059578518,1735410875.0
0.0000059578518,0.0000059399447,0.0000059578518,0.0000059399447,1735410876.0
0.0000059399447,0.0000059399447,0.0000059399447,0.0000059399447,1735410877.0
0.0000059399447,0.0000058148948,0.0000059399447,0.0000058148948,1735410878.0
0.0000058148948,0.0000057796834,0.0000058148948,0.0000057796834,1735410879.0
0.0000057796834,0.0000057796834,0.0000057796834,0.0000057796834,1735410880.0
0.0000057796834,0.0000057796834,0.0000057796834,0.0000057796834,1735410881.0
0.0000057796834,0.0000057796834,0.0000057796834,0.0000057796834,1735410882.0
0.0000057796834,0.0000057796834,0.0000057796834,0.0000057796834,1735410883.0
0.0000057796834,0.0000057796834,0.0000057796834,0.0000057796834,1735410884.0
0.0000057796834,0.0000057796834,0.0000057796834,0.0000057796834,1735410885.0
0.0000057796834,0.0000057796834,0.0000057796834,0.0000057796834,1735410886.0
0.0000057796834,0.0000057796834,0.0000057796834,0.0000057796834,1735410887.0
0.0000057796834,0.0000057796834,0.0000057796834,0.0000057796834,1735410888.0
0.0000057796834,0.0000057786929,0.0000057813767,0.0000057786929,1735410889.0
0.0000057786929,0.0000057772672,0.0000057786929,0.0000057772672,1735410890.0
0.0000057772672,0.0000057807774,0.0000057807774,0.0000057772672,1735410891.0
0.0000057807774,0.0000057807774,0.0000057807774,0.0000057807774,1735410892.0
0.0000057807774,0.0000057807774,0.0000057807774,0.0000057807774,1735410893.0
0.0000057807774,0.0000057804799,0.0000057807774,0.0000057804799,1735410894.0
0.0000057804799,0.0000057804799,0.0000057804799,0.0000057804799,1735410895.0
0.0000057804799,0.0000057804799,0.0000057804799,0.0000057804799,1735410896.0
0.0000057804799,0.0000057804799,0.0000057804799,0.0000057804799,1735410897.0
0.0000057804799,0.0000057804799,0.0000057804799,0.0000057804799,1735410898.0
0.0000057804799,0.0000057804799,0.0000057804799,0.0000057804799,1735410899.0
0.0000057804799,0.0000057804799,0.0000057804799,0.0000057804799,1735410900.0
0.0000057804799,0.0000057804799,0.0000057804799,0.0000057804799,1735410901.0
0.0000057804799,0.0000057804799,0.0000057804799,0.0000057804799,1735410902.0
0.0000057804799,0.0000057804799,0.0000057804799,0.0000057804799,1735410903.0
0.0000057804799,0.0000057804799,0.0000057804799,0.0000057804799,1735410904.0
0.0000057804799,0.0000057804799,0.0000057804799,0.0000057804799,1735410905.0
0.0000057804799,0.0000057804799,0.0000057804799,0.0000057804799,1735410906.0
0.0000057804799,0.0000057804799,0.0000057804799,0.0000057804799,1735410907.0
0.0000057804799,0.0000057804799,0.0000057804799,0.0000057804799,1735410908.0
0.0000057804799,0.0000057804799,0.0000057804799,0.0000057804799,1735410909.0
0.0000057804799,0.0000057138985,0.0000057804799,0.0000057138985,1735410910.0
0.0000057138985,0.0000057138985,0.0000057138985,0.0000057138985,1735410911.0
0.0000057138985,0.0000057138985,0.0000057138985,0.0000057138985,1735410912.0
0.0000057138985,0.0000057138985,0.0000057138985,0.0000057138985,1735410913.0
0.0000057138985,0.0000057138985,0.0000057138985,0.0000057138985,1735410914.0
0.0000057138985,0.0000057138985,0.0000057138985,0.0000057138985,1735410915.0
0.0000057138985,0.0000056907861,0.0000057138985,0.0000056907861,1735410916.0
0.0000056907861,0.0000056933493,0.0000056933493,0.0000056907861,1735410917.0
0.0000056933493,0.0000056933493,0.0000056933493,0.0000056933493,1735410918.0
0.0000056933493,0.0000056933493,0.0000056933493,0.0000056933493,1735410919.0
0.0000056933493,0.0000056933493,0.0000056933493,0.0000056933493,1735410920.0
0.0000056933493,0.0000056657115,0.0000056936177,0.0000056657115,1735410921.0
0.0000056657115,0.0000056657115,0.0000056657115,0.0000056657115,1735410922.0
0.0000056657115,0.0000056657115,0.0000056657115,0.0000056657115,1735410923.0
0.0000056657115,0.0000056586695,0.0000056657115,0.0000056586695,1735410924.0
0.0000056586695,0.0000056586695,0.0000056586695,0.0000056586695,1735410925.0
0.0000056586695,0.0000056586695,0.0000056586695,0.0000056586695,1735410926.0
0.0000056586695,0.0000056586695,0.0000056586695,0.0000056586695,1735410927.0
0.0000056586695,0.000005649394,0.0000056586695,0.000005649394,1735410928.0
0.000005649394,0.000005649394,0.000005649394,0.000005649394,1735410929.0
0.000005649394,0.000005649394,0.000005649394,0.000005649394,1735410930.0
0.000005649394,0.000005649394,0.000005649394,0.000005649394,1735410931.0
0.000005649394,0.000005649394,0.000005649394,0.000005649394,1735410932.0
0.000005649394,0.000005649394,0.000005649394,0.000005649394,1735410933.0
0.000005649394,0.000005649394,0.000005649394,0.000005649394,1735410934.0
0.000005649394,0.0000056364276,0.000005649394,0.0000056364276,1735410935.0
0.0000056364276,0.0000056364276,0.0000056364276,0.0000056364276,1735410936.0
0.0000056364276,0.0000056364276,0.0000056364276,0.0000056364276,1735410937.0
0.0000056364276,0.0000056364276,0.0000056364276,0.0000056364276,1735410938.0
0.0000056364276,0.0000056364276,0.0000056364276,0.0000056364276,1735410939.0
0.0000056364276,0.0000056364276,0.0000056364276,0.0000056364276,1735410940.0
0.0000056364276,0.0000056364276,0.0000056364276,0.0000056364276,1735410941.0
0.0000056364276,0.0000055806609,0.0000056364276,0.0000055806609,1735410942.0
0.0000055806609,0.0000055806609,0.0000055806609,0.0000055806609,1735410943.0
0.0000055806609,0.0000055806609,0.0000055806609,0.0000055806609,1735410944.0
0.0000055806609,0.0000055806609,0.0000055806609,0.0000055806609,1735410945.0
0.0000055806609,0.0000055749804,0.0000055806609,0.0000055749804,1735410946.0
0.0000055749804,0.0000055749804,0.0000055749804,0.0000055749804,1735410947.0
0.0000055749804,0.0000055749804,0.0000055749804,0.0000055749804,1735410948.0
0.0000055749804,0.0000055749804,0.0000055749804,0.0000055749804,1735410949.0
0.0000055749804,0.0000055749804,0.0000055749804,0.0000055749804,1735410950.0
0.0000055749804,0.0000055749804,0.0000055749804,0.0000055749804,1735410951.0
0.0000055749804,0.0000055749804,0.0000055749804,0.0000055749804,1735410952.0
0.0000055749804,0.0000055749804,0.0000055749804,0.0000055749804,1735410953.0
0.0000055749804,0.0000055749804,0.0000055749804,0.0000055749804,1735410954.0
0.0000055749804,0.0000055685586,0.0000055749804,0.0000055685586,1735410955.0
0.0000055685586,0.0000055685586,0.0000055685586,0.0000055685586,1735410956.0
0.0000055685586,0.0000055685586,0.0000055685586,0.0000055685586,1735410957.0
0.0000055685586,0.0000055685586,0.0000055685586,0.0000055685586,1735410958.0
0.0000055685586,0.0000055685586,0.0000055685586,0.0000055685586,1735410959.0
0.0000055685586,0.0000055685586,0.0000055685586,0.0000055685586,1735410960.0
0.0000055685586,0.0000055685586,0.0000055685586,0.0000055685586,1735410961.0
0.0000055685586,0.0000055685586,0.0000055685586,0.0000055685586,1735410962.0
0.0000055685586,0.0000055685586,0.0000055685586,0.0000055685586,1735410963.0
0.0000055685586,0.0000055685586,0.0000055685586,0.0000055685586,1735410964.0
0.0000055685586,0.0000055685586,0.0000055685586,0.0000055685586,1735410965.0
0.0000055685586,0.0000055685586,0.0000055685586,0.0000055685586,1735410966.0
0.0000055685586,0.0000055685586,0.0000055685586,0.0000055685586,1735410967.0
0.0000055685586,0.0000055685586,0.0000055685586,0.0000055685586,1735410968.0
0.0000055685586,0.0000055685586,0.0000055685586,0.0000055685586,1735410969.0
0.0000055685586,0.0000055685586,0.0000055685586,0.0000055685586,1735410970.0
0.0000055685586,0.0000055685586,0.0000055685586,0.0000055685586,1735410971.0
0.0000055685586,0.0000055685586,0.0000055685586,0.0000055685586,1735410972.0
0.0000055685586,0.0000055685586,0.0000055685586,0.0000055685586,1735410973.0
0.0000055685586,0.0000055685586,0.0000055685586,0.0000055685586,1735410974.0
0.0000055685586,0.0000055685586,0.0000055685586,0.0000055685586,1735410975.0
0.0000055685586,0.0000055685586,0.0000055685586,0.0000055685586,1735410976.0
0.0000055685586,0.0000055685586,0.0000055685586,0.0000055685586,1735410977.0
0.0000055685586,0.0000055685586,0.0000055685586,0.0000055685586,1735410978.0
0.0000055685586,0.0000055685586,0.0000055685586,0.0000055685586,1735410979.0
0.0000055685586,0.0000055685586,0.0000055685586,0.0000055685586,1735410980.0
0.0000055685586,0.0000055685586,0.0000055685586,0.0000055685586,1735410981.0
0.0000055685586,0.0000055685586,0.0000055685586,0.0000055685586,1735410982.0
0.0000055685586,0.0000055685586,0.0000055685586,0.0000055685586,1735410983.0
0.0000055685586,0.0000055685586,0.0000055685586,0.0000055685586,1735410984.0
0.0000055685586,0.0000055685586,0.0000055685586,0.0000055685586,1735410985.0
0.0000055685586,0.0000055685586,0.0000055685586,0.0000055685586,1735410986.0
0.0000055685586,0.0000055685586,0.0000055685586,0.0000055685586,1735410987.0
0.0000055685586,0.0000055685586,0.0000055685586,0.0000055685586,1735410988.0
0.0000055685586,0.0000055685586,0.0000055685586,0.0000055685586,1735410989.0
0.0000055685586,0.0000055685586,0.0000055685586,0.0000055685586,1735410990.0
0.0000055685586,0.0000055685586,0.0000055685586,0.0000055685586,1735410991.0
0.0000055685586,0.0000055685586,0.0000055685586,0.0000055685586,1735410992.0
0.0000055685586,0.0000055685586,0.0000055685586,0.0000055685586,1735410993.0
0.0000055685586,0.0000055685586,0.0000055685586,0.0000055685586,1735410994.0
0.0000055685586,0.0000055685586,0.0000055685586,0.0000055685586,1735410995.0
0.0000055685586,0.0000055685586,0.0000055685586,0.0000055685586,1735410996.0
0.0000055685586,0.0000055685586,0.0000055685586,0.0000055685586,1735410997.0
0.0000055685586,0.0000055685586,0.0000055685586,0.0000055685586,1735410998.0
0.0000055685586,0.0000055685586,0.0000055685586,0.0000055685586,1735410999.0
0.0000055685586,0.0000055685586,0.0000055685586,0.0000055685586,1735411000.0
0.0000055685586,0.0000055685586,0.0000055685586,0.0000055685586,1735411001.0
0.0000055685586,0.0000055685586,0.0000055685586,0.0000055685586,1735411002.0
0.0000055685586,0.0000055685586,0.0000055685586,0.0000055685586,1735411003.0
0.0000055685586,0.0000055685586,0.0000055685586,0.0000055685586,1735411004.0
0.0000055685586,0.0000055707061,0.0000055707061,0.0000055685586,1735411005.0
0.0000055707061,0.0000055707061,0.0000055707061,0.0000055707061,1735411006.0
0.0000055707061,0.0000055707061,0.0000055707061,0.0000055707061,1735411007.0
0.0000055707061,0.0000055707061,0.0000055707061,0.0000055707061,1735411008.0
0.0000055707061,0.0000055707061,0.0000055707061,0.0000055707061,1735411009.0
0.0000055707061,0.0000055707061,0.0000055707061,0.0000055707061,1735411010.0
0.0000055707061,0.0000055707061,0.0000055707061,0.0000055707061,1735411011.0
0.0000055707061,0.0000055707061,0.0000055707061,0.0000055707061,1735411012.0
0.0000055707061,0.0000055707061,0.0000055707061,0.0000055707061,1735411013.0
0.0000055707061,0.0000055707061,0.0000055707061,0.0000055707061,1735411014.0
0.0000055707061,0.0000055707061,0.0000055707061,0.0000055707061,1735411015.0
0.0000055707061,0.0000055707061,0.0000055707061,0.0000055707061,1735411016.0
0.0000055707061,0.0000055707061,0.0000055707061,0.0000055707061,1735411017.0
0.0000055707061,0.0000055707061,0.0000055707061,0.0000055707061,1735411018.0
0.0000055707061,0.0000055707061,0.0000055707061,0.0000055707061,1735411019.0
0.0000055707061,0.0000055707061,0.0000055707061,0.0000055707061,1735411020.0
0.0000055707061,0.0000055707061,0.0000055707061,0.0000055707061,1735411021.0
0.0000055707061,0.0000055707061,0.0000055707061,0.0000055707061,1735411022.0
0.0000055707061,0.0000055625205,0.0000055707061,0.0000055625205,1735411023.0
0.0000055625205,0.0000055625205,0.0000055625205,0.0000055625205,1735411024.0
0.0000055625205,0.0000055625205,0.0000055625205,0.0000055625205,1735411025.0
0.0000055625205,0.0000055625205,0.0000055625205,0.0000055625205,1735411026.0
0.0000055625205,0.0000055625205,0.0000055625205,0.0000055625205,1735411027.0
0.0000055625205,0.0000055625205,0.0000055625205,0.0000055625205,1735411028.0
0.0000055625205,0.0000055625205,0.0000055625205,0.0000055625205,1735411029.0
0.0000055625205,0.0000055625205,0.0000055625205,0.0000055625205,1735411030.0
0.0000055625205,0.0000055625205,0.0000055625205,0.0000055625205,1735411031.0
0.0000055625205,0.0000055625205,0.0000055625205,0.0000055625205,1735411032.0
0.0000055625205,0.0000055625205,0.0000055625205,0.0000055625205,1735411033.0
0.0000055625205,0.0000055625205,0.0000055625205,0.0000055625205,1735411034.0
0.0000055625205,0.0000055625205,0.0000055625205,0.0000055625205,1735411035.0
0.0000055625205,0.0000055625205,0.0000055625205,0.0000055625205,1735411036.0
0.0000055625205,0.0000055625205,0.0000055625205,0.0000055625205,1735411037.0
0.0000055625205,0.0000055625205,0.0000055625205,0.0000055625205,1735411038.0
0.0000055625205,0.0000055625205,0.0000055625205,0.0000055625205,1735411039.0
0.0000055625205,0.0000055625205,0.0000055625205,0.0000055625205,1735411040.0
0.0000055625205,0.0000055625205,0.0000055625205,0.0000055625205,1735411041.0
0.0000055625205,0.0000055625205,0.0000055625205,0.0000055625205,1735411042.0
0.0000055625205,0.0000055625205,0.0000055625205,0.0000055625205,1735411043.0
0.0000055625205,0.0000055625205,0.0000055625205,0.0000055625205,1735411044.0
0.0000055625205,0.0000055625205,0.0000055625205,0.0000055625205,1735411045.0
0.0000055625205,0.0000055625205,0.0000055625205,0.0000055625205,1735411046.0
0.0000055625205,0.0000055625205,0.0000055625205,0.0000055625205,1735411047.0
0.0000055625205,0.0000055625205,0.0000055625205,0.0000055625205,1735411048.0
0.0000055625205,0.0000055625205,0.0000055625205,0.0000055625205,1735411049.0
0.0000055625205,0.0000055625205,0.0000055625205,0.0000055625205,1735411050.0
0.0000055625205,0.0000055625205,0.0000055625205,0.0000055625205,1735411051.0
0.0000055625205,0.0000055625205,0.0000055625205,0.0000055625205,1735411052.0
0.0000055625205,0.0000055625205,0.0000055625205,0.0000055625205,1735411053.0
0.0000055625205,0.0000055625205,0.0000055625205,0.0000055625205,1735411054.0
0.0000055625205,0.0000055625205,0.0000055625205,0.0000055625205,1735411055.0
0.0000055625205,0.0000055625205,0.0000055625205,0.0000055625205,1735411056.0
0.0000055625205,0.0000055625205,0.0000055625205,0.0000055625205,1735411057.0
0.0000055625205,0.0000055625205,0.0000055625205,0.0000055625205,1735411058.0
0.0000055625205,0.0000055625205,0.0000055625205,0.0000055625205,1735411059.0
0.0000055625205,0.0000055625205,0.0000055625205,0.0000055625205,1735411060.0
0.0000055625205,0.0000055625205,0.0000055625205,0.0000055625205,1735411061.0
0.0000055625205,0.0000055625205,0.0000055625205,0.0000055625205,1735411062.0
0.0000055625205,0.0000055625205,0.0000055625205,0.0000055625205,1735411063.0
0.0000055625205,0.0000055625205,0.0000055625205,0.0000055625205,1735411064.0
0.0000055625205,0.0000055625205,0.0000055625205,0.0000055625205,1735411065.0
0.0000055625205,0.0000055625205,0.0000055625205,0.0000055625205,1735411066.0
0.0000055625205,0.0000055625205,0.0000055625205,0.0000055625205,1735411067.0
0.0000055625205,0.0000055625205,0.0000055625205,0.0000055625205,1735411068.0
0.0000055625205,0.0000055625205,0.0000055625205,0.0000055625205,1735411069.0
0.0000055625205,0.0000055625205,0.0000055625205,0.0000055625205,1735411070.0
0.0000055625205,0.0000055625205,0.0000055625205,0.0000055625205,1735411071.0
0.0000055625205,0.0000055625205,0.0000055625205,0.0000055625205,1735411072.0
0.0000055625205,0.0000055625205,0.0000055625205,0.0000055625205,1735411073.0
0.0000055625205,0.0000055625205,0.0000055625205,0.0000055625205,1735411074.0
0.0000055625205,0.0000055625205,0.0000055625205,0.0000055625205,1735411075.0
0.0000055625205,0.0000055625205,0.0000055625205,0.0000055625205,1735411076.0
0.0000055625205,0.0000055625205,0.0000055625205,0.0000055625205,1735411077.0
0.0000055625205,0.0000055625205,0.0000055625205,0.0000055625205,1735411078.0
0.0000055625205,0.0000055625205,0.0000055625205,0.0000055625205,1735411079.0
0.0000055625205,0.0000055625205,0.0000055625205,0.0000055625205,1735411080.0
0.0000055625205,0.0000055625205,0.0000055625205,0.0000055625205,1735411081.0
0.0000055625205,0.0000055625205,0.0000055625205,0.0000055625205,1735411082.0
0.0000055625205,0.0000055625205,0.0000055625205,0.0000055625205,1735411083.0
0.0000055625205,0.0000055625205,0.0000055625205,0.0000055625205,1735411084.0
0.0000055625205,0.0000055625205,0.0000055625205,0.0000055625205,1735411085.0
0.0000055625205,0.0000055625205,0.0000055625205,0.0000055625205,1735411086.0
0.0000055625205,0.0000055625205,0.0000055625205,0.0000055625205,1735411087.0
0.0000055625205,0.0000055625205,0.0000055625205,0.0000055625205,1735411088.0
0.0000055625205,0.0000055625205,0.0000055625205,0.0000055625205,1735411089.0
0.0000055625205,0.0000055625205,0.0000055625205,0.0000055625205,1735411090.0
0.0000055625205,0.0000055625205,0.0000055625205,0.0000055625205,1735411091.0
0.0000055625205,0.0000055625205,0.0000055625205,0.0000055625205,1735411092.0
0.0000055625205,0.0000055625205,0.0000055625205,0.0000055625205,1735411093.0
0.0000055625205,0.0000055625205,0.0000055625205,0.0000055625205,1735411094.0
0.0000055625205,0.0000055588246,0.0000055625205,0.0000055588246,1735411095.0
0.0000055588246,0.0000055588246,0.0000055588246,0.0000055588246,1735411096.0
0.0000055588246,0.0000055588246,0.0000055588246,0.0000055588246,1735411097.0
0.0000055588246,0.0000055588246,0.0000055588246,0.0000055588246,1735411098.0
0.0000055588246,0.0000055588246,0.0000055588246,0.0000055588246,1735411099.0
0.0000055588246,0.0000055588246,0.0000055588246,0.0000055588246,1735411100.0
0.0000055588246,0.0000055588246,0.0000055588246,0.0000055588246,1735411101.0
0.0000055588246,0.0000055588246,0.0000055588246,0.0000055588246,1735411102.0
0.0000055588246,0.0000055588246,0.0000055588246,0.0000055588246,1735411103.0
0.0000055588246,0.0000055588246,0.0000055588246,0.0000055588246,1735411104.0
0.0000055588246,0.0000055588246,0.0000055588246,0.0000055588246,1735411105.0
0.0000055588246,0.0000055588246,0.0000055588246,0.0000055588246,1735411106.0
0.0000055588246,0.0000055588246,0.0000055588246,0.0000055588246,1735411107.0
0.0000055588246,0.0000055591765,0.0000055591765,0.0000055588246,1735411108.0
0.0000055591765,0.0000055591765,0.0000055591765,0.0000055591765,1735411109.0
0.0000055591765,0.0000055591765,0.0000055591765,0.0000055591765,1735411110.0
0.0000055591765,0.0000055591765,0.0000055591765,0.0000055591765,1735411111.0
0.0000055591765,0.0000055591765,0.0000055591765,0.0000055591765,1735411112.0
0.0000055591765,0.0000055591765,0.0000055591765,0.0000055591765,1735411113.0
0.0000055591765,0.0000055591765,0.0000055591765,0.0000055591765,1735411114.0
0.0000055591765,0.0000055591765,0.0000055591765,0.0000055591765,1735411115.0
0.0000055591765,0.0000055591765,0.0000055591765,0.0000055591765,1735411116.0
0.0000055591765,0.0000055591765,0.0000055591765,0.0000055591765,1735411117.0
0.0000055591765,0.0000055591765,0.0000055591765,0.0000055591765,1735411118.0
0.0000055591765,0.0000055591765,0.0000055591765,0.0000055591765,1735411119.0
0.0000055591765,0.0000055591765,0.0000055591765,0.0000055591765,1735411120.0
0.0000055591765,0.0000055591765,0.0000055591765,0.0000055591765,1735411121.0
0.0000055591765,0.0000055591765,0.0000055591765,0.0000055591765,1735411122.0
0.0000055591765,0.0000055591765,0.0000055591765,0.0000055591765,1735411123.0
0.0000055591765,0.0000055591765,0.0000055591765,0.0000055591765,1735411124.0
0.0000055591765,0.0000055591765,0.0000055591765,0.0000055591765,1735411125.0
0.0000055591765,0.0000055591765,0.0000055591765,0.0000055591765,1735411126.0
0.0000055591765,0.0000055591765,0.0000055591765,0.0000055591765,1735411127.0
0.0000055591765,0.0000055591765,0.0000055591765,0.0000055591765,1735411128.0
0.0000055591765,0.0000055591765,0.0000055591765,0.0000055591765,1735411129.0
0.0000055591765,0.0000055591765,0.0000055591765,0.0000055591765,1735411130.0
0.0000055591765,0.0000055591765,0.0000055591765,0.0000055591765,1735411131.0
0.0000055591765,0.0000055591765,0.0000055591765,0.0000055591765,1735411132.0
0.0000055591765,0.0000055591765,0.0000055591765,0.0000055591765,1735411133.0
0.0000055591765,0.0000055591765,0.0000055591765,0.0000055591765,1735411134.0
0.0000055591765,0.0000055591765,0.0000055591765,0.0000055591765,1735411135.0
0.0000055591765,0.0000055591765,0.0000055591765,0.0000055591765,1735411136.0
0.0000055591765,0.0000055591765,0.0000055591765,0.0000055591765,1735411137.0
0.0000055591765,0.0000055591765,0.0000055591765,0.0000055591765,1735411138.0
0.0000055591765,0.0000055591765,0.0000055591765,0.0000055591765,1735411139.0
0.0000055591765,0.0000055591765,0.0000055591765,0.0000055591765,1735411140.0
0.0000055591765,0.0000055591765,0.0000055591765,0.0000055591765,1735411141.0
0.0000055591765,0.0000055591765,0.0000055591765,0.0000055591765,1735411142.0
0.0000055591765,0.0000055591765,0.0000055591765,0.0000055591765,1735411143.0
0.0000055591765,0.0000055591765,0.0000055591765,0.0000055591765,1735411144.0
0.0000055591765,0.0000055591765,0.0000055591765,0.0000055591765,1735411145.0
0.0000055591765,0.0000055591765,0.0000055591765,0.0000055591765,1735411146.0
0.0000055591765,0.0000055591765,0.0000055591765,0.0000055591765,1735411147.0
0.0000055591765,0.0000055591765,0.0000055591765,0.0000055591765,1735411148.0
0.0000055591765,0.0000055591765,0.0000055591765,0.0000055591765,1735411149.0
0.0000055591765,0.0000055591765,0.0000055591765,0.0000055591765,1735411150.0
0.0000055591765,0.0000055591765,0.0000055591765,0.0000055591765,1735411151.0
0.0000055591765,0.0000055591765,0.0000055591765,0.0000055591765,1735411152.0
0.0000055591765,0.0000055591765,0.0000055591765,0.0000055591765,1735411153.0
0.0000055591765,0.0000055591765,0.0000055591765,0.0000055591765,1735411154.0
0.0000055591765,0.0000055591765,0.0000055591765,0.0000055591765,1735411155.0
0.0000055591765,0.0000055591765,0.0000055591765,0.0000055591765,1735411156.0
0.0000055591765,0.0000055591765,0.0000055591765,0.0000055591765,1735411157.0
0.0000055591765,0.0000055591765,0.0000055591765,0.0000055591765,1735411158.0
0.0000055591765,0.0000055591765,0.0000055591765,0.0000055591765,1735411159.0
0.0000055591765,0.0000055591765,0.0000055591765,0.0000055591765,1735411160.0
0.0000055591765,0.0000055591765,0.0000055591765,0.0000055591765,1735411161.0
0.0000055591765,0.0000055591765,0.0000055591765,0.0000055591765,1735411162.0
0.0000055591765,0.0000055591765,0.0000055591765,0.0000055591765,1735411163.0
0.0000055591765,0.0000055591765,0.0000055591765,0.0000055591765,1735411164.0
0.0000055591765,0.0000055591765,0.0000055591765,0.0000055591765,1735411165.0
0.0000055591765,0.0000055591765,0.0000055591765,0.0000055591765,1735411166.0
0.0000055591765,0.0000055591765,0.0000055591765,0.0000055591765,1735411167.0
0.0000055591765,0.0000055591765,0.0000055591765,0.0000055591765,1735411168.0
0.0000055591765,0.0000055591765,0.0000055591765,0.0000055591765,1735411169.0
0.0000055591765,0.0000055591765,0.0000055591765,0.0000055591765,1735411170.0
0.0000055591765,0.0000055591765,0.0000055591765,0.0000055591765,1735411171.0
0.0000055591765,0.0000055591765,0.0000055591765,0.0000055591765,1735411172.0
0.0000055591765,0.0000055591765,0.0000055591765,0.0000055591765,1735411173.0
0.0000055591765,0.0000055591765,0.0000055591765,0.0000055591765,1735411174.0
0.0000055591765,0.0000055591765,0.0000055591765,0.0000055591765,1735411175.0
0.0000055591765,0.0000055591765,0.0000055591765,0.0000055591765,1735411176.0
0.0000055591765,0.0000055591765,0.0000055591765,0.0000055591765,1735411177.0
0.0000055591765,0.0000055591765,0.0000055591765,0.0000055591765,1735411178.0
0.0000055591765,0.0000055591765,0.0000055591765,0.0000055591765,1735411179.0
0.0000055591765,0.0000055591765,0.0000055591765,0.0000055591765,1735411180.0
0.0000055591765,0.0000055591765,0.0000055591765,0.0000055591765,1735411181.0
0.0000055591765,0.0000055591765,0.0000055591765,0.0000055591765,1735411182.0
0.0000055591765,0.0000055591765,0.0000055591765,0.0000055591765,1735411183.0
0.0000055591765,0.0000055591765,0.0000055591765,0.0000055591765,1735411184.0
0.0000055591765,0.0000055591765,0.0000055591765,0.0000055591765,1735411185.0
0.0000055591765,0.0000055591765,0.0000055591765,0.0000055591765,1735411186.0
0.0000055591765,0.0000055591765,0.0000055591765,0.0000055591765,1735411187.0
0.0000055591765,0.0000055591765,0.0000055591765,0.0000055591765,1735411188.0
0.0000055591765,0.0000055591765,0.0000055591765,0.0000055591765,1735411189.0
0.0000055591765,0.0000055591765,0.0000055591765,0.0000055591765,1735411190.0
0.0000055591765,0.0000055448373,0.0000055591765,0.0000055448373,1735411191.0
0.0000055448373,0.0000055448373,0.0000055448373,0.0000055448373,1735411192.0
0.0000055448373,0.0000055448373,0.0000055448373,0.0000055448373,1735411193.0
0.0000055448373,0.0000055448373,0.0000055448373,0.0000055448373,1735411194.0
0.0000055448373,0.0000055448373,0.0000055448373,0.0000055448373,1735411195.0
0.0000055448373,0.0000055448373,0.0000055448373,0.0000055448373,1735411196.0
0.0000055448373,0.0000055448373,0.0000055448373,0.0000055448373,1735411197.0
0.0000055448373,0.0000055448373,0.0000055448373,0.0000055448373,1735411198.0
0.0000055448373,0.0000055448373,0.0000055448373,0.0000055448373,1735411199.0
0.0000055448373,0.0000055448373,0.0000055448373,0.0000055448373,1735411200.0
0.0000055448373,0.0000055448373,0.0000055448373,0.0000055448373,1735411201.0
0.0000055448373,0.0000055448373,0.0000055448373,0.0000055448373,1735411202.0
0.0000055448373,0.0000055448373,0.0000055448373,0.0000055448373,1735411203.0
0.0000055448373,0.0000055448373,0.0000055448373,0.0000055448373,1735411204.0
0.0000055448373,0.0000055448373,0.0000055448373,0.0000055448373,1735411205.0
0.0000055448373,0.0000055448373,0.0000055448373,0.0000055448373,1735411206.0
0.0000055448373,0.0000055448373,0.0000055448373,0.0000055448373,1735411207.0
0.0000055448373,0.0000055448373,0.0000055448373,0.0000055448373,1735411208.0
0.0000055448373,0.0000055448373,0.0000055448373,0.0000055448373,1735411209.0
0.0000055448373,0.0000055448373,0.0000055448373,0.0000055448373,1735411210.0
0.0000055448373,0.0000055448373,0.0000055448373,0.0000055448373,1735411211.0
0.0000055448373,0.0000055448373,0.0000055448373,0.0000055448373,1735411212.0
0.0000055448373,0.0000055448373,0.0000055448373,0.0000055448373,1735411213.0
0.0000055448373,0.0000055448373,0.0000055448373,0.0000055448373,1735411214.0
0.0000055448373,0.0000055448373,0.0000055448373,0.0000055448373,1735411215.0
0.0000055448373,0.0000055448373,0.0000055448373,0.0000055448373,1735411216.0
0.0000055448373,0.0000055448373,0.0000055448373,0.0000055448373,1735411217.0
0.0000055448373,0.0000055448373,0.0000055448373,0.0000055448373,1735411218.0
0.0000055448373,0.0000055448373,0.0000055448373,0.0000055448373,1735411219.0
0.0000055448373,0.0000055448373,0.0000055448373,0.0000055448373,1735411220.0
0.0000055448373,0.0000055448373,0.0000055448373,0.0000055448373,1735411221.0
0.0000055448373,0.0000055448373,0.0000055448373,0.0000055448373,1735411222.0
0.0000055448373,0.0000055448373,0.0000055448373,0.0000055448373,1735411223.0
0.0000055448373,0.0000055448373,0.0000055448373,0.0000055448373,1735411224.0
0.0000055448373,0.0000055448373,0.0000055448373,0.0000055448373,1735411225.0
0.0000055448373,0.0000055448373,0.0000055448373,0.0000055448373,1735411226.0
0.0000055448373,0.0000055448373,0.0000055448373,0.0000055448373,1735411227.0
0.0000055448373,0.0000055448373,0.0000055448373,0.0000055448373,1735411228.0
0.0000055448373,0.0000055448373,0.0000055448373,0.0000055448373,1735411229.0
0.0000055448373,0.0000055448373,0.0000055448373,0.0000055448373,1735411230.0
0.0000055448373,0.0000055448373,0.0000055448373,0.0000055448373,1735411231.0
0.0000055448373,0.0000055448373,0.0000055448373,0.0000055448373,1735411232.0
0.0000055448373,0.0000055448373,0.0000055448373,0.0000055448373,1735411233.0
0.0000055448373,0.0000055448373,0.0000055448373,0.0000055448373,1735411234.0
0.0000055448373,0.0000055448373,0.0000055448373,0.0000055448373,1735411235.0
0.0000055448373,0.0000055448373,0.0000055448373,0.0000055448373,1735411236.0
0.0000055448373,0.0000055448373,0.0000055448373,0.0000055448373,1735411237.0
0.0000055448373,0.0000055448373,0.0000055448373,0.0000055448373,1735411238.0
0.0000055448373,0.0000055448373,0.0000055448373,0.0000055448373,1735411239.0
0.0000055448373,0.0000055448373,0.0000055448373,0.0000055448373,1735411240.0
0.0000055448373,0.0000055448373,0.0000055448373,0.0000055448373,1735411241.0
0.0000055448373,0.0000055448373,0.0000055448373,0.0000055448373,1735411242.0
0.0000055448373,0.0000055448373,0.0000055448373,0.0000055448373,1735411243.0
0.0000055448373,0.0000055448373,0.0000055448373,0.0000055448373,1735411244.0
0.0000055448373,0.0000055448373,0.0000055448373,0.0000055448373,1735411245.0
0.0000055448373,0.0000055448373,0.0000055448373,0.0000055448373,1735411246.0
0.0000055448373,0.0000055448373,0.0000055448373,0.0000055448373,1735411247.0
0.0000055448373,0.0000055448373,0.0000055448373,0.0000055448373,1735411248.0
0.0000055448373,0.0000055448373,0.0000055448373,0.0000055448373,1735411249.0
0.0000055448373,0.0000055448373,0.0000055448373,0.0000055448373,1735411250.0
0.0000055448373,0.0000055448373,0.0000055448373,0.0000055448373,1735411251.0
0.0000055448373,0.0000055448373,0.0000055448373,0.0000055448373,1735411252.0
0.0000055448373,0.0000055448373,0.0000055448373,0.0000055448373,1735411253.0
0.0000055448373,0.0000055448373,0.0000055448373,0.0000055448373,1735411254.0
0.0000055448373,0.0000055448373,0.0000055448373,0.0000055448373,1735411255.0
0.0000055448373,0.0000055448373,0.0000055448373,0.0000055448373,1735411256.0
